{
  "K": 10,
  "alpha": 0.5,
  "n_qubits": 4,
  "n_layers": 2,
  "trajectory_size": 22,
  "m0": {
    "accuracy": 1.0,
    "D_FS": 0.3521328969170208,
    "delta": 0.021645469665527342
  },
  "ideal": {
    "accuracy": 0.98,
    "D_FS": 0.0,
    "delta": 0.0
  },
  "euclidean": {
    "accuracy": 1.0,
    "D_FS": 0.001566484304930434,
    "delta": 0.001029815673828125
  },
  "gsq": {
    "accuracy": 0.99,
    "D_FS": 0.0015624392223364766,
    "delta": 0.0009769058227539062
  },
  "improvement": {
    "acc_vs_euclid": -0.010000000000000009,
    "D_FS_reduction": 0.0025822665435964406,
    "shock_reduction": 0.051377932032832245
  }
}