{
  "k_values": [
    2,
    4,
    6,
    8,
    10,
    12,
    16
  ],
  "shock_m0": [
    0.8018108165483686,
    0.037634036837581986,
    0.0621736234263965,
    0.024720818952310836,
    0.015642003909948302,
    0.0007001968151153069,
    0.0010965192734897521
  ],
  "shock_euclid": [
    6.187036747272826e-05,
    8.345213744261743e-06,
    8.345213744261743e-06,
    2.393625829656392e-06,
    2.393625829656392e-06,
    2.393625829656392e-06,
    3.9016895819219255e-07
  ],
  "shock_gsq": [
    6.13498027639538e-05,
    8.345236683577208e-06,
    8.345236683577208e-06,
    2.3936292720284117e-06,
    2.3936292720284117e-06,
    2.3936292720284117e-06,
    3.9016914751940593e-07
  ]
}