{
  "dataset": "mnist",
  "seeds": [
    42,
    43,
    44,
    45,
    46
  ],
  "metrics": {
    "ideal_accuracy": {
      "mean": 0.992,
      "std": 0.0040000000000000036
    },
    "m0_accuracy": {
      "mean": 0.97,
      "std": 0.03794733192202055
    },
    "euclidean_accuracy": {
      "mean": 0.99,
      "std": 0.006324555320336764
    },
    "gsq_accuracy": {
      "mean": 0.992,
      "std": 0.011661903789690611
    },
    "m0_dfs": {
      "mean": 0.44162780107883404,
      "std": 0.09107399237511793
    },
    "euclidean_dfs": {
      "mean": 0.002376410240406056,
      "std": 0.0016362576980044584
    },
    "gsq_dfs": {
      "mean": 0.010009400731803841,
      "std": 0.010758692330730412
    },
    "m0_shock": {
      "mean": 0.045839271545410155,
      "std": 0.018970335174460562
    },
    "euclidean_shock": {
      "mean": 0.0010282821655273437,
      "std": 9.023956579598877e-05
    },
    "gsq_shock": {
      "mean": 0.0010078277587890626,
      "std": 0.0001331855398922035
    }
  },
  "statistical_tests": {
    "dfs": {
      "p_value": 0.0006216856592910414,
      "cohen_d": 5.953278831944562
    },
    "shock": {
      "p_value": 0.009126371220679082,
      "cohen_d": 2.989214013003641
    },
    "accuracy": {
      "p_value": 0.3206653133359137,
      "cohen_d": 0.7009782866648833
    }
  }
}