{
  "dataset": "mnist",
  "seeds": [
    42,
    43,
    44,
    45,
    46
  ],
  "metrics": {
    "ideal_accuracy": {
      "mean": 0.99,
      "std": 0.010954451150103331
    },
    "m0_accuracy": {
      "mean": 0.9719999999999999,
      "std": 0.03487119154832539
    },
    "euclidean_accuracy": {
      "mean": 0.992,
      "std": 0.007483314773547889
    },
    "gsq_accuracy": {
      "mean": 0.992,
      "std": 0.007483314773547889
    },
    "m0_dfs": {
      "mean": 0.3937956936794039,
      "std": 0.08024205210566022
    },
    "euclidean_dfs": {
      "mean": 0.0021791058448728962,
      "std": 0.0015160966247778783
    },
    "gsq_dfs": {
      "mean": 0.009174675684026301,
      "std": 0.00992288838820379
    },
    "m0_shock": {
      "mean": 0.0370135106514344,
      "std": 0.015878485079709223
    },
    "euclidean_shock": {
      "mean": 5.58591066787661e-06,
      "std": 7.040522504958793e-06
    },
    "gsq_shock": {
      "mean": 5.805925956319184e-06,
      "std": 4.028447945249422e-06
    }
  },
  "statistical_tests": {
    "dfs": {
      "p_value": 0.0005883897069375068,
      "cohen_d": 6.017213707783044
    },
    "shock": {
      "p_value": 0.009579799246104331,
      "cohen_d": 2.948105780965101
    },
    "accuracy": {
      "p_value": 0.31990171959720015,
      "cohen_d": 0.7093269021319132
    }
  }
}