{
  "tau_values": [
    0.1,
    0.3,
    0.5,
    0.6,
    0.7,
    0.9
  ],
  "acc_m0": [
    1.0,
    1.0,
    1.0,
    1.0,
    1.0,
    1.0
  ],
  "shock_m0": [
    0.024720818952310836,
    0.024720818952310836,
    0.024720818952310836,
    0.024720818952310836,
    0.024720818952310836,
    0.024720818952310836
  ],
  "acc_test": [
    0.99,
    0.99,
    0.99,
    0.99,
    0.99,
    1.0
  ],
  "shock": [
    3.337816395404931e-05,
    9.805973580491089e-05,
    8.876683378489104e-06,
    4.441979893179965e-05,
    1.3049235878305872e-05,
    2.693578884434178e-17
  ]
}