{
  "K": 8,
  "alpha": 0.5,
  "n_qubits": 16,
  "n_layers": 2,
  "trajectory_size": 12,
  "m0": {
    "accuracy": 0.88,
    "D_FS": 2.4382461764238266,
    "delta": 0.05791079785733916
  },
  "ideal": {
    "accuracy": 0.84,
    "D_FS": 0.0,
    "delta": 0.0
  },
  "euclidean": {
    "accuracy": 0.84,
    "D_FS": 0.020665613558849882,
    "delta": 0.0006903802398990509
  },
  "gsq": {
    "accuracy": 0.84,
    "D_FS": 0.020665643616619614,
    "delta": 0.0006903811948593355
  },
  "improvement": {
    "acc_vs_euclid": 0.0,
    "D_FS_reduction": -1.4544822582426671e-06,
    "shock_reduction": -1.383236144580887e-06
  }
}