{
  "k_values": [
    2,
    4,
    6,
    8,
    10,
    12,
    16
  ],
  "shock_m0": [
    0.45835786087358643,
    0.08247180748965816,
    0.3371135474759533,
    0.02206163404300232,
    0.09472869863294418,
    0.008111385993353074,
    0.010601609714493795
  ],
  "shock_euclid": [
    0.010625521384112846,
    0.0006258381540005717,
    0.0002097045074144943,
    0.0002097045074144943,
    0.0002097045074144943,
    3.6872155516975904e-21,
    3.6872155516975904e-21
  ],
  "shock_gsq": [
    0.010394685173783003,
    0.0006259515558807209,
    0.00020970450706476313,
    0.00020970450706476313,
    0.00020970450706476313,
    5.866029924368285e-16,
    5.866029924368285e-16
  ]
}