{
  "n_qubits": 16,
  "dataset": "two_moons",
  "seeds": [
    42,
    43,
    44,
    45,
    46
  ],
  "metrics": {
    "ideal_accuracy": {
      "mean": 0.8560000000000001,
      "std": 0.04079215610874228
    },
    "m0_accuracy": {
      "mean": 0.8640000000000001,
      "std": 0.03200000000000003
    },
    "euclidean_accuracy": {
      "mean": 0.8480000000000001,
      "std": 0.05306599664568641
    },
    "gsq_accuracy": {
      "mean": 0.8480000000000001,
      "std": 0.05306599664568641
    },
    "m0_dfs": {
      "mean": 1.4171167575778167,
      "std": 0.24462999258175053
    },
    "euclidean_dfs": {
      "mean": 0.01536032203027582,
      "std": 0.0023525069211709883
    },
    "gsq_dfs": {
      "mean": 0.015360320030738412,
      "std": 0.0023525032213326962
    },
    "m0_shock": {
      "mean": 0.017540044410121785,
      "std": 0.01576349507475847
    },
    "euclidean_shock": {
      "mean": 0.0002782301848997248,
      "std": 0.00018766992657557056
    },
    "gsq_shock": {
      "mean": 0.0002782301339792669,
      "std": 0.00018766965421749784
    }
  },
  "statistical_tests": {
    "dfs": {
      "p_value": 0.0003305862152103405,
      "cohen_d": 7.2477427122396865
    },
    "shock": {
      "p_value": 0.0936785933663741,
      "cohen_d": 1.3850426276452363
    },
    "accuracy": {
      "p_value": 0.6224966256358664,
      "cohen_d": -0.32659863237109055
    }
  }
}