{
  "tau_values": [
    0.1,
    0.3,
    0.5,
    0.6,
    0.7,
    0.9
  ],
  "acc_m0": [
    0.88,
    0.88,
    0.88,
    0.88,
    0.88,
    0.88
  ],
  "shock_m0": [
    0.02206163404300232,
    0.02206163404300232,
    0.02206163404300232,
    0.02206163404300232,
    0.02206163404300232,
    0.02206163404300232
  ],
  "acc_test": [
    0.84,
    0.84,
    0.84,
    0.84,
    0.84,
    0.84
  ],
  "shock": [
    0.002268382466024972,
    0.0034366820300453915,
    0.0005860745138358627,
    0.0006025242707778864,
    0.0006322144598754186,
    0.0006903811948593355
  ]
}