{
  "loss_task": [
    1.0000967979431152,
    0.9975823760032654,
    0.9931482076644897,
    0.9850285649299622,
    0.9717563986778259,
    0.9522165656089783,
    0.9265207648277283,
    0.8965864777565002,
    0.8635822534561157,
    0.8271343111991882,
    0.788111686706543,
    0.7472021579742432,
    0.7049097418785095,
    0.6626619696617126,
    0.6218076348304749,
    0.5831755995750427,
    0.5481797456741333,
    0.5185940861701965,
    0.4956497251987457,
    0.4791421890258789,
    0.4676651656627655,
    0.4600025415420532,
    0.4553928077220917,
    0.4532816708087921,
    0.4530508816242218,
    0.4537711441516876,
    0.45437368750572205,
    0.4541756212711334,
    0.4530075192451477,
    0.4509657919406891,
    0.4481736719608307,
    0.44467005133628845,
    0.4404745101928711,
    0.4357635974884033,
    0.4309348464012146,
    0.426481157541275,
    0.42280492186546326,
    0.42009827494621277,
    0.41832152009010315,
    0.41730037331581116
  ],
  "loss_geom": [
    0.5764474272727966,
    0.5730618238449097,
    0.5733227729797363,
    0.57355135679245,
    0.5748412609100342,
    0.575003981590271,
    0.5728291869163513,
    0.5680656433105469,
    0.5604699850082397,
    0.5523836016654968,
    0.544059693813324,
    0.5348587036132812,
    0.5246032476425171,
    0.5127343535423279,
    0.4981503188610077,
    0.4800349473953247,
    0.4587208032608032,
    0.43537187576293945,
    0.4114171862602234,
    0.38806408643722534,
    0.3662182688713074,
    0.346561074256897,
    0.3295081853866577,
    0.31518256664276123,
    0.30343717336654663,
    0.2939055562019348,
    0.286110520362854,
    0.27959707379341125,
    0.2740013301372528,
    0.2690673768520355,
    0.2646495997905731,
    0.26070156693458557,
    0.25725439190864563,
    0.25438782572746277,
    0.2521871030330658,
    0.2506910562515259,
    0.24985533952713013,
    0.24955102801322937,
    0.23659124970436096,
    0.21838481724262238
  ],
  "loss_total": [
    1.0000967979431152,
    0.9975823760032654,
    0.9931482076644897,
    0.9850285649299622,
    0.9717563986778259,
    0.9522165656089783,
    0.9265207648277283,
    0.8965864777565002,
    0.8635822534561157,
    0.8271343111991882,
    0.788111686706543,
    0.7472021579742432,
    0.7049097418785095,
    0.6626619696617126,
    0.6218076348304749,
    0.5831755995750427,
    0.5481797456741333,
    0.5185940861701965,
    0.4956497251987457,
    0.4791421890258789,
    0.4676651656627655,
    0.4600025415420532,
    0.4553928077220917,
    0.4532816708087921,
    0.4530508816242218,
    0.4537711441516876,
    0.45437368750572205,
    0.4541756212711334,
    0.4530075192451477,
    0.4509657919406891,
    0.4481736719608307,
    0.44467005133628845,
    0.4404745101928711,
    0.4357635974884033,
    0.4309348464012146,
    0.426481157541275,
    0.42280492186546326,
    0.42889517545700073,
    0.43402165174484253,
    0.4377877712249756
  ],
  "train_acc": [
    0.4533333480358124,
    0.8133333325386047,
    0.8266666531562805,
    0.8133333325386047,
    0.8266666531562805,
    0.8266666531562805,
    0.8266666531562805,
    0.8533333539962769,
    0.8533333539962769,
    0.8533333539962769,
    0.8533333539962769,
    0.8533333539962769,
    0.8533333539962769,
    0.8533333539962769,
    0.8533333539962769,
    0.8533333539962769,
    0.8533333539962769,
    0.8533333539962769,
    0.8399999737739563,
    0.8266666531562805,
    0.8266666531562805,
    0.8533333539962769,
    0.8533333539962769,
    0.8533333539962769,
    0.8266666531562805,
    0.8266666531562805,
    0.8266666531562805,
    0.8266666531562805,
    0.8266666531562805,
    0.8533333539962769,
    0.8533333539962769,
    0.8533333539962769,
    0.8533333539962769,
    0.8266666531562805,
    0.8399999737739563,
    0.8533333539962769,
    0.8533333539962769,
    0.8666666746139526,
    0.8666666746139526,
    0.8533333539962769
  ],
  "test_acc": [
    0.8399999737739563,
    0.8399999737739563,
    0.8399999737739563,
    0.8399999737739563,
    0.8399999737739563,
    0.8799999952316284,
    0.8799999952316284,
    0.8799999952316284,
    0.8799999952316284,
    0.8799999952316284,
    0.8799999952316284,
    0.8799999952316284,
    0.8799999952316284,
    0.8799999952316284,
    0.8799999952316284,
    0.9200000166893005,
    0.9200000166893005,
    0.9200000166893005,
    0.9200000166893005,
    0.9200000166893005,
    0.7599999904632568,
    0.7599999904632568,
    0.7599999904632568,
    0.7599999904632568,
    0.7599999904632568,
    0.8399999737739563,
    0.8399999737739563,
    0.8399999737739563,
    0.8399999737739563,
    0.8399999737739563,
    0.8399999737739563,
    0.8399999737739563,
    0.8399999737739563,
    0.8399999737739563,
    0.8399999737739563,
    0.800000011920929,
    0.800000011920929,
    0.800000011920929,
    0.800000011920929,
    0.8399999737739563
  ],
  "lambda_vals": [
    0.0,
    0.0,
    0.0,
    0.0,
    0.0,
    0.0,
    0.0,
    0.0,
    0.0,
    0.0,
    0.0,
    0.0,
    0.0,
    0.0,
    0.0,
    0.0,
    0.0,
    0.0,
    0.0,
    0.0,
    0.0,
    0.0,
    0.0,
    0.0,
    0.0,
    0.0,
    0.0,
    0.0,
    0.0,
    0.0,
    0.0,
    0.0,
    0.0,
    0.0,
    0.0,
    0.0,
    0.0,
    0.03525092922462136,
    0.06635976507857853,
    0.09381321636270833
  ]
}