{
  "K": 8,
  "alpha": 0.5,
  "n_qubits": 4,
  "n_layers": 2,
  "trajectory_size": 22,
  "m0": {
    "accuracy": 0.91,
    "D_FS": 0.3524718272555846,
    "delta": 0.022028137939800106
  },
  "ideal": {
    "accuracy": 0.92,
    "D_FS": 0.0,
    "delta": 0.0
  },
  "euclidean": {
    "accuracy": 0.92,
    "D_FS": 0.0047226686355276645,
    "delta": 1.7414206873369475e-05
  },
  "gsq": {
    "accuracy": 0.92,
    "D_FS": 0.004724075602175519,
    "delta": 1.741248355016753e-05
  },
  "improvement": {
    "acc_vs_euclid": 0.0,
    "D_FS_reduction": -0.0002979176517599554,
    "shock_reduction": 9.895508072201457e-05
  }
}