{
  "K": 16,
  "alpha": 0.5,
  "n_qubits": 4,
  "n_layers": 2,
  "trajectory_size": 22,
  "m0": {
    "accuracy": 0.88,
    "D_FS": 0.2582141725757804,
    "delta": 0.0037855911254882813
  },
  "ideal": {
    "accuracy": 0.88,
    "D_FS": 0.0,
    "delta": 0.0
  },
  "euclidean": {
    "accuracy": 0.88,
    "D_FS": 0.0006352469615209055,
    "delta": 0.001352691650390625
  },
  "gsq": {
    "accuracy": 0.9,
    "D_FS": 0.0008246325664567293,
    "delta": 0.0016159820556640625
  },
  "improvement": {
    "acc_vs_euclid": 0.020000000000000018,
    "D_FS_reduction": -0.2981286307198819,
    "shock_reduction": -0.19464170607965195
  }
}