{
  "K": 8,
  "alpha": 0.5,
  "n_qubits": 4,
  "n_layers": 2,
  "trajectory_size": 3,
  "m0": {
    "accuracy": 0.8461538461538461,
    "D_FS": 1.2977322986763649,
    "delta": 0.260438478910006
  },
  "ideal": {
    "accuracy": 0.6153846153846154,
    "D_FS": 0.0,
    "delta": 0.0
  },
  "euclidean": {
    "accuracy": 0.5384615384615384,
    "D_FS": 7.5153558590010655e-16,
    "delta": 0.001971905048076923
  },
  "gsq": {
    "accuracy": 0.6923076923076923,
    "D_FS": 0.0,
    "delta": 0.001560504619891827
  },
  "improvement": {
    "acc_vs_euclid": 0.15384615384615385,
    "D_FS_reduction": 7.51535021094794e-07,
    "shock_reduction": 0.20863084657928263
  }
}