{
  "k_values": [
    2,
    4,
    6,
    8,
    10,
    12,
    16
  ],
  "shock_m0": [
    0.2967210208131952,
    0.005841199824362186,
    0.02694824441094709,
    0.03973928731258898,
    0.026629872015089914,
    0.006310428795220626,
    0.0021173924884409527
  ],
  "shock_euclid": [
    0.0013632877590098907,
    0.0002701362973200666,
    0.0002701362973200666,
    0.0002701362973200666,
    0.0002701362973200666,
    0.00019068576284682334,
    3.367463191597663e-05
  ],
  "shock_gsq": [
    0.0013474278361784936,
    0.00026993713037881033,
    0.00026993713037881033,
    0.00026993713037881033,
    0.00019043068378158927,
    0.00019043068378158927,
    7.921616955123851e-05
  ]
}