{
  "k_values": [
    2,
    4,
    6,
    8,
    10,
    12,
    16
  ],
  "shock_m0": [
    0.34158222198486327,
    0.008110275268554687,
    0.034948806762695316,
    0.047026023864746094,
    0.032162322998046874,
    0.008681182861328124,
    0.0037855911254882813
  ],
  "shock_euclid": [
    0.002824440002441406,
    0.001894378662109375,
    0.0016356277465820312,
    0.001699066162109375,
    0.0016028976440429687,
    0.0017639923095703126,
    0.001352691650390625
  ],
  "shock_gsq": [
    0.0028881072998046876,
    0.0015898513793945312,
    0.0019356155395507813,
    0.0019033432006835937,
    0.00170074462890625,
    0.0015061569213867187,
    0.0016159820556640625
  ]
}