{
  "dataset": "two_moons",
  "seeds": [
    42,
    43,
    44,
    45,
    46
  ],
  "metrics": {
    "ideal_accuracy": {
      "mean": 0.8540000000000001,
      "std": 0.034409301068170535
    },
    "m0_accuracy": {
      "mean": 0.8219999999999998,
      "std": 0.044452221541785734
    },
    "euclidean_accuracy": {
      "mean": 0.86,
      "std": 0.037416573867739444
    },
    "gsq_accuracy": {
      "mean": 0.8559999999999999,
      "std": 0.032619012860600205
    },
    "m0_dfs": {
      "mean": 0.27196234255300666,
      "std": 0.07982547394869369
    },
    "euclidean_dfs": {
      "mean": 0.0028588404996196014,
      "std": 0.0018971797948725416
    },
    "gsq_dfs": {
      "mean": 0.003197236482696579,
      "std": 0.0017310215014303952
    },
    "m0_shock": {
      "mean": 0.02150547027587891,
      "std": 0.012259360056224267
    },
    "euclidean_shock": {
      "mean": 0.0015858154296875,
      "std": 0.0001364729481119988
    },
    "gsq_shock": {
      "mean": 0.0015596923828125,
      "std": 0.00013722393374676547
    }
  },
  "statistical_tests": {
    "dfs": {
      "p_value": 0.002527679338454646,
      "cohen_d": 4.257839445399357
    },
    "shock": {
      "p_value": 0.03125296687217015,
      "cohen_d": 2.0578606577004526
    },
    "accuracy": {
      "p_value": 0.25549512200302954,
      "cohen_d": 0.7800134951599106
    }
  }
}