{
  "dataset": "two_moons",
  "seeds": [
    42,
    43,
    44,
    45,
    46
  ],
  "metrics": {
    "ideal_accuracy": {
      "mean": 0.8560000000000001,
      "std": 0.03382306905057556
    },
    "m0_accuracy": {
      "mean": 0.8160000000000001,
      "std": 0.048414873747640814
    },
    "euclidean_accuracy": {
      "mean": 0.86,
      "std": 0.031622776601683826
    },
    "gsq_accuracy": {
      "mean": 0.86,
      "std": 0.031622776601683826
    },
    "m0_dfs": {
      "mean": 0.24067646034008439,
      "std": 0.07256583415178054
    },
    "euclidean_dfs": {
      "mean": 0.0025934854220153085,
      "std": 0.0017439621389469442
    },
    "gsq_dfs": {
      "mean": 0.0028950521221188263,
      "std": 0.0015917659910375398
    },
    "m0_shock": {
      "mean": 0.01754774436460287,
      "std": 0.011041420488619755
    },
    "euclidean_shock": {
      "mean": 0.0001100596688465191,
      "std": 0.00011605046775709173
    },
    "gsq_shock": {
      "mean": 0.00011013505374392286,
      "std": 0.00011593591747030075
    }
  },
  "statistical_tests": {
    "dfs": {
      "p_value": 0.002796403383272599,
      "cohen_d": 4.143823372759064
    },
    "shock": {
      "p_value": 0.034225908641942165,
      "cohen_d": 1.9975517784990184
    },
    "accuracy": {
      "p_value": 0.1725690303802599,
      "cohen_d": 0.9624530063715738
    }
  }
}