{
  "tau_values": [
    0.1,
    0.3,
    0.5,
    0.6,
    0.7,
    0.9
  ],
  "acc_m0": [
    0.91,
    0.91,
    0.91,
    0.91,
    0.91,
    0.91
  ],
  "shock_m0": [
    0.03973928731258898,
    0.03973928731258898,
    0.03973928731258898,
    0.03973928731258898,
    0.03973928731258898,
    0.03973928731258898
  ],
  "acc_test": [
    0.92,
    0.92,
    0.92,
    0.92,
    0.92,
    0.92
  ],
  "shock": [
    0.0002657194455588868,
    0.000266621587167311,
    0.0007760592457445223,
    0.00012518845811814678,
    2.1374200140446468e-05,
    7.352359931252452e-16
  ]
}