{
  "loss_task": [
    1.1522167921066284,
    1.091245412826538
  ],
  "loss_geom": [
    0.6345305442810059,
    0.6288599967956543
  ],
  "loss_total": [
    1.1522167921066284,
    1.091245412826538
  ],
  "train_acc": [
    0.4324324429035187,
    0.4324324429035187
  ],
  "test_acc": [
    0.4615384638309479,
    0.6153846383094788
  ],
  "lambda_vals": [
    0.0,
    0.0
  ]
}