{
  "loss_task": [
    1.1780404801756306,
    1.1264615023961908,
    1.0777352968511813,
    1.0309740708182764,
    0.9870044601017834,
    0.9463615429205741,
    0.9089976011493828,
    0.8746892378940163,
    0.8433983195436195,
    0.8146331200451986,
    0.7870287209558783,
    0.7592056153196839,
    0.7305675528314195,
    0.7012287816179544,
    0.6716849755518811,
    0.6426398720953256,
    0.6148742379093676,
    0.5890819204791401,
    0.5657379383401063,
    0.5450533095226707,
    0.5270127271524393,
    0.5114571044463283,
    0.49816838701433835,
    0.4869292699296915,
    0.4775508272246303,
    0.4698736836284947,
    0.4637544456721566,
    0.4590485538071765,
    0.45559785216959653,
    0.45322732988152364,
    0.45175086936030556,
    0.45098209177201654,
    0.45074497082498605,
    0.45088101957727833,
    0.4512526508050129,
    0.45174423584894724,
    0.4522617341169064,
    0.452731633623924,
    0.45309945282378533,
    0.45332803280381884,
    0.45339613789206396,
    0.4532972037090359,
    0.4530380320355482,
    0.4526368218145645,
    0.452120294516057,
    0.4515199627606511,
    0.45086792833403366,
    0.4501931013484423,
    0.4495187319172038,
    0.44886203505318445,
    0.44823575036544505,
    0.44765058048245504,
    0.44711698832459945,
    0.446645427414097,
    0.4462449376107323,
    0.44592102085856233,
    0.4456739129908427,
    0.4454980555819857,
    0.4453831287919215,
    0.4453161002003164,
    0.44528351329361576,
    0.4452731253269327,
    0.4452736106553154,
    0.44527478325514114,
    0.44526773504622014,
    0.4452451607410209,
    0.4452021957564686,
    0.4451377215588221,
    0.4450553301863984,
    0.4449630846928125,
    0.4448716986995693,
    0.4447918179423384,
    0.444731589951362,
    0.44469557618151345,
    0.44468516214078846,
    0.4446997265284184,
    0.4447374937439424,
    0.4447955833634567,
    0.4448695819820509,
    0.4449534409132904,
    0.4450401858636862,
    0.4451231989517417,
    0.4451973372681435,
    0.44525927577933894,
    0.44530715053903386,
    0.44534013648671134,
    0.44535834745214337,
    0.4453630337238775,
    0.4453566295711991,
    0.4453422961230084,
    0.44532315334976336,
    0.4453016491215887,
    0.4452794827103665,
    0.4452578337325717,
    0.445237650041825,
    0.4452196393413749,
    0.4452041632973358,
    0.44519129600343776,
    0.4451810504899525,
    0.44517362311820574
  ],
  "loss_geom": [
    0.6345305442810059,
    0.6245556473731995,
    0.6170832514762878,
    0.6083126664161682,
    0.5976816415786743,
    0.5875054597854614,
    0.5794468522071838,
    0.5741156339645386,
    0.5712872743606567,
    0.5704155564308167,
    0.5703915953636169,
    0.5698230266571045,
    0.5681653618812561,
    0.5653671622276306,
    0.5612950325012207,
    0.5557341575622559,
    0.5485430359840393,
    0.5396804809570312,
    0.5291548371315002,
    0.5169913172721863,
    0.5032534599304199,
    0.48810529708862305,
    0.4718717932701111,
    0.4550575315952301,
    0.43830540776252747,
    0.4223102033138275,
    0.407715767621994,
    0.39502406120300293,
    0.3845372796058655,
    0.37634262442588806,
    0.37033823132514954,
    0.3662850856781006,
    0.3638647794723511,
    0.362727552652359,
    0.36252495646476746,
    0.36292916536331177,
    0.36364299058914185,
    0.3644050359725952,
    0.36499419808387756,
    0.36523550748825073,
    0.36500775814056396,
    0.36424964666366577,
    0.3629612326622009,
    0.36119747161865234,
    0.3590548634529114,
    0.35665297508239746,
    0.3541160821914673,
    0.3515577018260956,
    0.3490722179412842,
    0.3467342257499695,
    0.3446027636528015,
    0.3427276015281677,
    0.3411514163017273,
    0.33990752696990967,
    0.33901339769363403,
    0.33846479654312134,
    0.33823251724243164,
    0.3382653295993805,
    0.3384980261325836,
    0.3388620913028717,
    0.33929529786109924,
    0.3397476077079773,
    0.32052159309387207,
    0.2937866151332855,
    0.2617446184158325,
    0.22702395915985107,
    0.193112313747406,
    0.16410881280899048,
    0.1434841752052307,
    0.13148152828216553,
    0.1245323121547699,
    0.11938585340976715,
    0.1150495633482933,
    0.11142128705978394,
    0.10849970579147339,
    0.1062772125005722,
    0.10478614270687103,
    0.10364671796560287,
    0.10212749987840652,
    0.09984567016363144,
    0.09711934626102448,
    0.09461352974176407,
    0.09283072501420975,
    0.0918019562959671,
    0.0910683199763298,
    0.09000814706087112,
    0.08828458189964294,
    0.08606592565774918,
    0.08385427296161652,
    0.08209796249866486,
    0.0809217020869255,
    0.08012036979198456,
    0.0793207511305809,
    0.07819173485040665,
    0.07661429047584534,
    0.07470357418060303,
    0.07267792522907257,
    0.07070684432983398,
    0.06884442269802094,
    0.06704874336719513
  ],
  "loss_total": [
    1.1780404801756306,
    1.1264615023961908,
    1.0777352968511813,
    1.0309740708182764,
    0.9870044601017834,
    0.9463615429205741,
    0.9089976011493828,
    0.8746892378940163,
    0.8433983195436195,
    0.8146331200451986,
    0.7870287209558783,
    0.7592056153196839,
    0.7305675528314195,
    0.7012287816179544,
    0.6716849755518811,
    0.6426398720953256,
    0.6148742379093676,
    0.5890819204791401,
    0.5657379383401063,
    0.5450533095226707,
    0.5270127271524393,
    0.5114571044463283,
    0.49816838701433835,
    0.4869292699296915,
    0.4775508272246303,
    0.4698736836284947,
    0.4637544456721566,
    0.4590485538071765,
    0.45559785216959653,
    0.45322732988152364,
    0.45175086936030556,
    0.45098209177201654,
    0.45074497082498605,
    0.45088101957727833,
    0.4512526508050129,
    0.45174423584894724,
    0.4522617341169064,
    0.452731633623924,
    0.45309945282378533,
    0.45332803280381884,
    0.45339613789206396,
    0.4532972037090359,
    0.4530380320355482,
    0.4526368218145645,
    0.452120294516057,
    0.4515199627606511,
    0.45086792833403366,
    0.4501931013484423,
    0.4495187319172038,
    0.44886203505318445,
    0.44823575036544505,
    0.44765058048245504,
    0.44711698832459945,
    0.446645427414097,
    0.4462449376107323,
    0.44592102085856233,
    0.4456739129908427,
    0.4454980555819857,
    0.4453831287919215,
    0.4453161002003164,
    0.44528351329361576,
    0.4502440311636043,
    0.45442410920197535,
    0.4575514224856905,
    0.4595016101346138,
    0.4603104172472255,
    0.46021755386177043,
    0.45967670723588555,
    0.4592464864396171,
    0.45925664638236813,
    0.45957159270313935,
    0.45994367999740166,
    0.4603042980514425,
    0.46067185801814237,
    0.46107126688844147,
    0.46152234961737426,
    0.4620483012253505,
    0.4625995522251558,
    0.4630512487138853,
    0.46332281757268373,
    0.46345752749831737,
    0.463574604640862,
    0.46377635463908273,
    0.46407950010916815,
    0.46439887216316983,
    0.46460625198823435,
    0.4646256140683686,
    0.4644892850637899,
    0.4643094500212666,
    0.4641943623716637,
    0.4641828434050145,
    0.4642361448686781,
    0.464271333026891,
    0.464210339395609,
    0.464023085748202,
    0.46373625251187944,
    0.4634034674160883,
    0.4630680253726013,
    0.462745289470365,
    0.4624264576319892
  ],