{
  "loss_task": [
    1.0859772380440227,
    1.0417145391127831,
    1.0101863459277411,
    0.9894555748836187,
    0.9762514557053739,
    0.966864734069479,
    0.9578486917232116,
    0.9466323437284312,
    0.9317889163402064,
    0.9127656739641636,
    0.8895123075585563,
    0.8622468251403501,
    0.8313536216822648,
    0.7973781172264747,
    0.7611393429569543,
    0.7239538371951504,
    0.687799701327006,
    0.6551506483771715,
    0.6282491419258228,
    0.6079982025351249,
    0.5936145633813411,
    0.5832558433641035,
    0.5746661318050834,
    0.5658500993238498,
    0.5555898302282065,
    0.5435493269140643,
    0.53008129925959,
    0.5159504319247384,
    0.502087883464183,
    0.4894038529924124,
    0.478650573234429,
    0.47032055810629053,
    0.4645717537175189,
    0.4611869888308506,
    0.4595984459675975,
    0.45901562263567514,
    0.45864779400206357,
    0.45792698974516743,
    0.45661942056553234,
    0.45479541959774866,
    0.45271251444761085,
    0.4506798197577852,
    0.4489459162394617,
    0.44762924428521605,
    0.44669892459435306,
    0.44600619635941685,
    0.445353048529433,
    0.44457026298016106,
    0.44357381795553974,
    0.44238209452601607,
    0.4410963242560258,
    0.4398595053440809,
    0.43881109176956895,
    0.4380502602318491,
    0.4376153073538978,
    0.43748147292541356,
    0.4375749771711453,
    0.4377972007916418,
    0.4380508764047544,
    0.4382608122889837,
    0.4383847188384311,
    0.43841358258863267,
    0.4383585469235413,
    0.43824627985574677,
    0.43810909151929955,
    0.4379764444896053,
    0.43786923133300965,
    0.43779744437504264,
    0.4377612026430729,
    0.437754436854023,
    0.4377699239673285,
    0.4378039007341986,
    0.437858626123465,
    0.4379420681287483,
    0.4380647954774863,
    0.43823543598578985,
    0.4384564770230688,
    0.4387221496604275,
    0.43901932954070616,
    0.4393310248078861,
    0.4396411093715859,
    0.43993830769891723,
    0.4402179850613781,
    0.44048116545024146,
    0.440731572948339,
    0.44097213025685583,
    0.4412025079211724,
    0.44141869743938117,
    0.441614551102217,
    0.4417844481206422,
    0.44192570637064177,
    0.44203980483391025,
    0.44213187823407396,
    0.44220902078730273,
    0.4422781742758022,
    0.4423445508184011,
    0.4424110849364083,
    0.4424789318748541,
    0.44254849649294536,
    0.44262032975509463
  ],
  "loss_geom": [
    0.5685299038887024,
    0.5836359262466431,
    0.597751259803772,
    0.6106590032577515,
    0.6222741007804871,
    0.6327182054519653,
    0.6417731046676636,
    0.6489755511283875,
    0.6538072228431702,
    0.655852198600769,
    0.6549167037010193,
    0.651044487953186,
    0.6444849967956543,
    0.6356441974639893,
    0.6250064373016357,
    0.6130742430686951,
    0.600415825843811,
    0.58782958984375,
    0.5764774084091187,
    0.5674793124198914,
    0.5609560012817383,
    0.5560892820358276,
    0.5518934726715088,
    0.5475746989250183,
    0.5425817370414734,
    0.5365544557571411,
    0.5292652249336243,
    0.5205969214439392,
    0.5105558633804321,
    0.49929511547088623,
    0.48711684346199036,
    0.4744340181350708,
    0.4616919457912445,
    0.44927477836608887,
    0.43743979930877686,
    0.42631351947784424,
    0.4159403443336487,
    0.4063408672809601,
    0.3975435793399811,
    0.38958853483200073,
    0.3825179934501648,
    0.3763657212257385,
    0.3711456060409546,
    0.3668413758277893,
    0.3633999824523926,
    0.3607354462146759,
    0.35874444246292114,
    0.35732731223106384,
    0.35640621185302734,
    0.3559315800666809,
    0.3558768033981323,
    0.3562246561050415,
    0.35695135593414307,
    0.3580135703086853,
    0.35934168100357056,
    0.36084097623825073,
    0.3623998165130615,
    0.36390191316604614,
    0.3652401566505432,
    0.36632710695266724,
    0.36710211634635925,
    0.3675333261489868,
    0.3554741144180298,
    0.3369806408882141,
    0.3125975430011749,
    0.281189501285553,
    0.24350030720233917,
    0.20309233665466309,
    0.16411817073822021,
    0.13045164942741394,
    0.10649029910564423,
    0.09512757509946823,
    0.09489640593528748,
    0.10048139840364456,
    0.10608227550983429,
    0.10773786902427673,
    0.10412439703941345,
    0.09642694890499115,
    0.08724775910377502,
    0.07897932082414627,
    0.07302980870008469,
    0.06993434578180313,
    0.06924869865179062,
    0.06965899467468262,
    0.06983180344104767,
    0.06903868913650513,
    0.06712640076875687,
    0.06447285413742065,
    0.061823420226573944,
    0.0597655363380909,
    0.05849972367286682,
    0.057992514222860336,
    0.05797775834798813,
    0.05802899971604347,
    0.057861264795064926,
    0.057397689670324326,
    0.05667177215218544,
    0.05584768205881119,
    0.05512654781341553,
    0.05459274351596832
  ],
  "loss_total": [
    1.0859772380440227,
    1.0417145391127831,
    1.0101863459277411,
    0.9894555748836187,
    0.9762514557053739,
    0.966864734069479,
    0.9578486917232116,
    0.9466323437284312,
    0.9317889163402064,
    0.9127656739641636,
    0.8895123075585563,
    0.8622468251403501,
    0.8313536216822648,
    0.7973781172264747,
    0.7611393429569543,
    0.7239538371951504,
    0.687799701327006,
    0.6551506483771715,
    0.6282491419258228,
    0.6079982025351249,
    0.5936145633813411,
    0.5832558433641035,
    0.5746661318050834,
    0.5658500993238498,
    0.5555898302282065,
    0.5435493269140643,
    0.53008129925959,
    0.5159504319247384,
    0.502087883464183,
    0.4894038529924124,
    0.478650573234429,
    0.47032055810629053,
    0.4645717537175189,
    0.4611869888308506,
    0.4595984459675975,
    0.45901562263567514,
    0.45864779400206357,
    0.45792698974516743,
    0.45661942056553234,
    0.45479541959774866,
    0.45271251444761085,
    0.4506798197577852,
    0.4489459162394617,
    0.44762924428521605,
    0.44669892459435306,
    0.44600619635941685,
    0.445353048529433,
    0.44457026298016106,
    0.44357381795553974,
    0.44238209452601607,
    0.4410963242560258,
    0.4398595053440809,
    0.43881109176956895,
    0.4380502602318491,
    0.4376153073538978,
    0.43748147292541356,
    0.4375749771711453,
    0.4377972007916418,
    0.4380508764047544,
    0.4382608122889837,
    0.4383847188384311,
    0.4437910260959464,
    0.4485068970729344,
    0.45232789394773915,
    0.45510838836330514,
    0.4566361143955063,
    0.4568024846957845,
    0.4557901196794555,
    0.45399314370230465,
    0.45193603866894866,
    0.4503401244552998,
    0.44987702176780753,
    0.4507034727073678,
    0.4523497196276621,
    0.454085808737374,
    0.45528926549182946,
    0.4556579639980234,
    0.45528593957944624,
    0.45455197028098154,
    0.4538614581497469,
    0.45349020295034176,
    0.4535768115484236,
    0.4540773278450676,
    0.45476188420149316,
    0.4553712336643958,
    0.45574976268705164,
    0.45585220456929326,
    0.4557463650929418,
    0.45558793712913587,
    0.4555083440056925,
    0.45555970820682246,
    0.45574492059924343,
    0.45601355320178016,
    0.4562743814377229,
    0.45646546367769103,
    0.4565715909304197,
    0.4566022830991428,
    0.4565988363631792,
    0.4566129006750814,
    0.45666801297172605
  ],