{
  "K": 8,
  "alpha": 0.5,
  "n_qubits": 4,
  "n_layers": 2,
  "trajectory_size": 12,
  "m0": {
    "accuracy": 0.7866666666666666,
    "D_FS": 1.34483997918608,
    "delta": 0.0761502967519581
  },
  "ideal": {
    "accuracy": 0.8266666666666667,
    "D_FS": 0.0,
    "delta": 0.0
  },
  "euclidean": {
    "accuracy": 0.8266666666666667,
    "D_FS": 0.007593177336932131,
    "delta": 0.00022549296975880187
  },
  "gsq": {
    "accuracy": 0.8266666666666667,
    "D_FS": 0.007595167163803296,
    "delta": 0.0002254135281848566
  },
  "improvement": {
    "acc_vs_euclid": 0.0,
    "D_FS_reduction": -0.0002620545419678923,
    "shock_reduction": 0.00035230021463651754
  }
}