{
  "k_values": [
    2,
    4,
    6,
    8,
    10,
    12,
    16
  ],
  "shock_m0": [
    0.40293781566756354,
    0.013236111887303809,
    0.046534557043697106,
    0.013236111887303805,
    0.016926456400369085,
    0.013236111887303807,
    0.019431531869629527
  ],
  "shock_euclid": [
    0.008440048081579124,
    0.00028242345361782377,
    8.129266829566768e-06,
    8.129266829566768e-06,
    8.129266829566768e-06,
    2.0792828609019814e-27,
    2.0792828609019814e-27
  ],
  "shock_gsq": [
    0.008385984124020864,
    0.00028224905077079153,
    8.129274028834273e-06,
    8.129274028834273e-06,
    8.129274028834273e-06,
    2.385406125225173e-18,
    2.385406125225173e-18
  ]
}