{
  "n_qubits": 4,
  "dataset": "two_moons",
  "seeds": [
    42,
    43,
    44,
    45,
    46
  ],
  "metrics": {
    "ideal_accuracy": {
      "mean": 0.8,
      "std": 0.03675746333890727
    },
    "m0_accuracy": {
      "mean": 0.808,
      "std": 0.03537733109712428
    },
    "euclidean_accuracy": {
      "mean": 0.7946666666666667,
      "std": 0.03222145592958555
    },
    "gsq_accuracy": {
      "mean": 0.7946666666666667,
      "std": 0.03222145592958555
    },
    "m0_dfs": {
      "mean": 0.36174655001683387,
      "std": 0.18124751117696267
    },
    "euclidean_dfs": {
      "mean": 0.004758075182693921,
      "std": 0.002251253404979032
    },
    "gsq_dfs": {
      "mean": 0.004758080024529488,
      "std": 0.0022512555787606837
    },
    "m0_shock": {
      "mean": 0.010990048058839404,
      "std": 0.00538268936890366
    },
    "euclidean_shock": {
      "mean": 0.0004211353056927135,
      "std": 0.0007017481789961882
    },
    "gsq_shock": {
      "mean": 0.0004211359300956284,
      "std": 0.0007017488477613443
    }
  },
  "statistical_tests": {
    "dfs": {
      "p_value": 0.016964901157569347,
      "cohen_d": 2.4912002025926516
    },
    "shock": {
      "p_value": 0.016544126993543806,
      "cohen_d": 2.462811582854834
    },
    "accuracy": {
      "p_value": 0.5927119963523112,
      "cohen_d": -0.35245368842511987
    }
  }
}