{
  "tau_values": [
    0.1,
    0.3,
    0.5,
    0.6,
    0.7,
    0.9
  ],
  "acc_m0": [
    0.7866666666666666,
    0.7866666666666666,
    0.7866666666666666,
    0.7866666666666666,
    0.7866666666666666,
    0.7866666666666666
  ],
  "shock_m0": [
    0.013236111887303805,
    0.013236111887303805,
    0.013236111887303805,
    0.013236111887303805,
    0.013236111887303805,
    0.013236111887303805
  ],
  "acc_test": [
    0.8266666666666667,
    0.8266666666666667,
    0.8266666666666667,
    0.8266666666666667,
    0.8266666666666667,
    0.8266666666666667
  ],
  "shock": [
    0.00023783916588458395,
    0.0002279852062123208,
    6.722398407489184e-05,
    6.577309878901378e-05,
    5.81065657354686e-05,
    0.0002254135281848566
  ]
}