{
  "loss_task": [
    1.181780219078064,
    1.1230674982070923,
    1.0656508207321167,
    1.0117473602294922,
    0.9625467658042908,
    0.918209433555603,
    0.877906858921051,
    0.8410925269126892,
    0.8078392148017883,
    0.7775152325630188,
    0.7482972741127014,
    0.7185839414596558,
    0.6877528429031372,
    0.6558970808982849,
    0.6235637664794922,
    0.591589093208313,
    0.5609102845191956,
    0.5323634743690491,
    0.5065397620201111,
    0.48374056816101074,
    0.4640163779258728,
    0.44724181294441223,
    0.4331890046596527,
    0.4215817153453827,
    0.41212937235832214,
    0.4045479893684387,
    0.3985704779624939,
    0.3939519226551056,
    0.3904707431793213,
    0.3879278004169464,
    0.3861454129219055,
    0.3849661648273468,
    0.38425150513648987,
    0.38388189673423767,
    0.38375580310821533,
    0.3837892413139343,
    0.38391435146331787,
    0.3840775489807129,
    0.384223610162735,
    0.3843066692352295
  ],
  "loss_geom": [
    0.6345305442810059,
    0.6292563080787659,
    0.6215077042579651,
    0.6113466024398804,
    0.598834753036499,
    0.5872952938079834,
    0.5784376859664917,
    0.5725567936897278,
    0.5691154599189758,
    0.567072868347168,
    0.5650442242622375,
    0.5625178813934326,
    0.5595533847808838,
    0.5561394691467285,
    0.5521082878112793,
    0.5472387075424194,
    0.5413448214530945,
    0.5342884063720703,
    0.5259584784507751,
    0.5162789821624756,
    0.5052523612976074,
    0.4930099546909332,
    0.47983333468437195,
    0.46613243222236633,
    0.452394038438797,
    0.43911948800086975,
    0.4267684519290924,
    0.4157176613807678,
    0.4062364101409912,
    0.39847806096076965,
    0.3924846649169922,
    0.3882005214691162,
    0.3854905962944031,
    0.3841613531112671,
    0.38398000597953796,
    0.38469231128692627,
    0.3860374987125397,
    0.3877611756324768,
    0.373836874961853,
    0.35356128215789795
  ],
  "loss_total": [
    1.181780219078064,
    1.1230674982070923,
    1.0656508207321167,
    1.0117473602294922,
    0.9625467658042908,
    0.918209433555603,
    0.877906858921051,
    0.8410925269126892,
    0.8078392148017883,
    0.7775152325630188,
    0.7482972741127014,
    0.7185839414596558,
    0.6877528429031372,
    0.6558970808982849,
    0.6235637664794922,
    0.591589093208313,
    0.5609102845191956,
    0.5323634743690491,
    0.5065397620201111,
    0.48374056816101074,
    0.4640163779258728,
    0.44724181294441223,
    0.4331890046596527,
    0.4215817153453827,
    0.41212937235832214,
    0.4045479893684387,
    0.3985704779624939,
    0.3939519226551056,
    0.3904707431793213,
    0.3879278004169464,
    0.3861454129219055,
    0.3849661648273468,
    0.38425150513648987,
    0.38388189673423767,
    0.38375580310821533,
    0.3837892413139343,
    0.38391435146331787,
    0.3977465033531189,
    0.40903133153915405,
    0.4174754023551941
  ],
  "train_acc": [
    0.4888888895511627,
    0.4933333396911621,
    0.4977777898311615,
    0.5022222399711609,
    0.5155555605888367,
    0.5555555820465088,
    0.653333306312561,
    0.8088889122009277,
    0.8622221946716309,
    0.8799999952316284,
    0.8666666746139526,
    0.8755555748939514,
    0.8711110949516296,
    0.8711110949516296,
    0.8622221946716309,
    0.8577777743339539,
    0.8577777743339539,
    0.8577777743339539,
    0.8622221946716309,
    0.8622221946716309,
    0.8622221946716309,
    0.8622221946716309,
    0.8622221946716309,
    0.8622221946716309,
    0.8622221946716309,
    0.8622221946716309,
    0.8577777743339539,
    0.8577777743339539,
    0.8577777743339539,
    0.8577777743339539,
    0.8577777743339539,
    0.8577777743339539,
    0.8577777743339539,
    0.8577777743339539,
    0.8577777743339539,
    0.8577777743339539,
    0.8577777743339539,
    0.8577777743339539,
    0.8666666746139526,
    0.8666666746139526
  ],
  "test_acc": [
    0.5066666603088379,
    0.5066666603088379,
    0.5066666603088379,
    0.5066666603088379,
    0.5066666603088379,
    0.7333333492279053,
    0.7333333492279053,
    0.7333333492279053,
    0.7333333492279053,
    0.7333333492279053,
    0.8533333539962769,
    0.8533333539962769,
    0.8533333539962769,
    0.8533333539962769,
    0.8533333539962769,
    0.8133333325386047,
    0.8133333325386047,
    0.8133333325386047,
    0.8133333325386047,
    0.8133333325386047,
    0.8266666531562805,
    0.8266666531562805,
    0.8266666531562805,
    0.8266666531562805,
    0.8266666531562805,
    0.8266666531562805,
    0.8266666531562805,
    0.8266666531562805,
    0.8266666531562805,
    0.8266666531562805,
    0.8266666531562805,
    0.8266666531562805,
    0.8266666531562805,
    0.8266666531562805,
    0.8266666531562805,
    0.8266666531562805,
    0.8266666531562805,
    0.8266666531562805,
    0.8266666531562805,
    0.8399999737739563
  ],
  "lambda_vals": [
    0.0,
    0.0,
    0.0,
    0.0,
    0.0,
    0.0,
    0.0,
    0.0,
    0.0,
    0.0,
    0.0,
    0.0,
    0.0,
    0.0,
    0.0,
    0.0,
    0.0,
    0.0,
    0.0,
    0.0,
    0.0,
    0.0,
    0.0,
    0.0,
    0.0,
    0.0,
    0.0,
    0.0,
    0.0,
    0.0,
    0.0,
    0.0,
    0.0,
    0.0,
    0.0,
    0.0,
    0.0,
    0.03525092922462136,
    0.06635976507857853,
    0.09381321636270833
  ]
}