{
  "k_values": [
    2,
    4,
    6,
    8,
    10,
    12,
    16
  ],
  "shock_m0": [
    0.5605250148195884,
    0.052157083123760835,
    0.40284749633489897,
    0.05178878760812787,
    0.11738772673117427,
    0.003703743650084382,
    0.00022351702271046503
  ],
  "shock_euclid": [
    5.940976799703368e-05,
    3.899200525058863e-05,
    3.7328554464571606e-05,
    3.7328554464571606e-05,
    3.7328554464571606e-05,
    1.5940371542048732e-21,
    1.5940371542048732e-21
  ],
  "shock_gsq": [
    5.8158146780458e-05,
    3.8989105336333334e-05,
    3.733020825878127e-05,
    3.733020825878127e-05,
    3.733020825878127e-05,
    1.3667506555076464e-20,
    1.3667506555076464e-20
  ]
}