{
  "n_qubits": 12,
  "dataset": "mnist",
  "seeds": [
    42,
    43,
    44,
    45,
    46
  ],
  "metrics": {
    "ideal_accuracy": {
      "mean": 0.968,
      "std": 0.029933259094191523
    },
    "m0_accuracy": {
      "mean": 0.992,
      "std": 0.016000000000000014
    },
    "euclidean_accuracy": {
      "mean": 0.976,
      "std": 0.019595917942265444
    },
    "gsq_accuracy": {
      "mean": 0.976,
      "std": 0.019595917942265444
    },
    "m0_dfs": {
      "mean": 1.2836980161258036,
      "std": 0.362858555544955
    },
    "euclidean_dfs": {
      "mean": 0.010869406980925705,
      "std": 0.004694788270951607
    },
    "gsq_dfs": {
      "mean": 0.010869408299059363,
      "std": 0.004694784995980827
    },
    "m0_shock": {
      "mean": 0.026437642012922376,
      "std": 0.020943807095149723
    },
    "euclidean_shock": {
      "mean": 0.00015412489070441236,
      "std": 0.0001482528777528347
    },
    "gsq_shock": {
      "mean": 0.0001541253966587729,
      "std": 0.00014825270282356207
    }
  },
  "statistical_tests": {
    "dfs": {
      "p_value": 0.002171924796800459,
      "cohen_d": 4.436660573056988
    },
    "shock": {
      "p_value": 0.06606206356324469,
      "cohen_d": 1.5873655597952145
    },
    "accuracy": {
      "p_value": 0.24287561215028283,
      "cohen_d": -0.8
    }
  }
}