{
  "tau_values": [
    0.1,
    0.3,
    0.5,
    0.6,
    0.7,
    0.9
  ],
  "acc_m0": [
    1.0,
    1.0,
    1.0,
    1.0,
    1.0,
    1.0
  ],
  "shock_m0": [
    0.05178878760812787,
    0.05178878760812787,
    0.05178878760812787,
    0.05178878760812787,
    0.05178878760812787,
    0.05178878760812787
  ],
  "acc_test": [
    1.0,
    0.96,
    0.96,
    0.96,
    0.96,
    0.96
  ],
  "shock": [
    0.00110623093549567,
    0.00016796750301783806,
    0.0001758714714767877,
    0.00018546913081379478,
    0.00019061137567271828,
    1.7023572270956392e-15
  ]
}