{
  "loss_task": [
    1.0048649311065674,
    0.9961556196212769,
    0.9871588945388794,
    0.97650146484375,
    0.9635018110275269,
    0.9469406008720398,
    0.9256200194358826,
    0.8989689946174622,
    0.8670586347579956,
    0.8311066031455994,
    0.793030321598053,
    0.7538602352142334,
    0.7120609879493713,
    0.6646286249160767,
    0.6106870174407959,
    0.5518069267272949,
    0.4911493957042694,
    0.4323250353336334,
    0.37830650806427,
    0.33069655299186707,
    0.2896372973918915,
    0.2544713616371155,
    0.22470293939113617,
    0.20025230944156647,
    0.1810414046049118,
    0.1666928082704544,
    0.15658573806285858,
    0.14998944103717804,
    0.14612124860286713,
    0.14418338239192963,
    0.14343027770519257,
    0.14324817061424255,
    0.14319564402103424,
    0.1429876983165741,
    0.14247921109199524,
    0.14166681468486786,
    0.14066196978092194,
    0.13962292671203613,
    0.13866333663463593,
    0.1378469467163086
  ],
  "loss_geom": [
    0.5782658457756042,
    0.5761943459510803,
    0.570227861404419,
    0.5610322952270508,
    0.5504161715507507,
    0.5386727452278137,
    0.525650143623352,
    0.5126400589942932,
    0.5003715753555298,
    0.48829948902130127,
    0.4752540588378906,
    0.45973315834999084,
    0.4411104619503021,
    0.4201498031616211,
    0.39838907122612,
    0.3771895468235016,
    0.35757991671562195,
    0.3402475416660309,
    0.3254573941230774,
    0.31306734681129456,
    0.30278828740119934,
    0.2944541871547699,
    0.28809499740600586,
    0.2837720811367035,
    0.28139451146125793,
    0.2806890904903412,
    0.28126242756843567,
    0.28266629576683044,
    0.28445109724998474,
    0.2862086594104767,
    0.28760895133018494,
    0.28843969106674194,
    0.288628488779068,
    0.2882159948348999,
    0.2872992753982544,
    0.2859935164451599,
    0.28442612290382385,
    0.2827383875846863,
    0.26810261607170105,
    0.24805741012096405
  ],
  "loss_total": [
    1.0048649311065674,
    0.9961556196212769,
    0.9871588945388794,
    0.97650146484375,
    0.9635018110275269,
    0.9469406008720398,
    0.9256200194358826,
    0.8989689946174622,
    0.8670586347579956,
    0.8311066031455994,
    0.793030321598053,
    0.7538602352142334,
    0.7120609879493713,
    0.6646286249160767,
    0.6106870174407959,
    0.5518069267272949,
    0.4911493957042694,
    0.4323250353336334,
    0.37830650806427,
    0.33069655299186707,
    0.2896372973918915,
    0.2544713616371155,
    0.22470293939113617,
    0.20025230944156647,
    0.1810414046049118,
    0.1666928082704544,
    0.15658573806285858,
    0.14998944103717804,
    0.14612124860286713,
    0.14418338239192963,
    0.14343027770519257,
    0.14324817061424255,
    0.14319564402103424,
    0.1429876983165741,
    0.14247921109199524,
    0.14166681468486786,
    0.14066196978092194,
    0.14958971738815308,
    0.15645456314086914,
    0.1611180156469345
  ],
  "train_acc": [
    0.3866666555404663,
    0.4933333396911621,
    0.5733333230018616,
    0.7066666483879089,
    0.7866666913032532,
    0.8266666531562805,
    0.7733333110809326,
    0.800000011920929,
    0.8399999737739563,
    0.8666666746139526,
    0.8799999952316284,
    0.8933333158493042,
    0.8933333158493042,
    0.9066666960716248,
    0.9066666960716248,
    0.9066666960716248,
    0.9200000166893005,
    0.9200000166893005,
    0.9333333373069763,
    0.9466666579246521,
    0.9599999785423279,
    0.9599999785423279,
    0.9599999785423279,
    0.9599999785423279,
    0.9733333587646484,
    0.9733333587646484,
    0.9733333587646484,
    0.9733333587646484,
    0.9733333587646484,
    0.9733333587646484,
    0.9733333587646484,
    0.9866666793823242,
    0.9866666793823242,
    0.9866666793823242,
    0.9866666793823242,
    0.9866666793823242,
    0.9866666793823242,
    0.9866666793823242,
    0.9866666793823242,
    0.9866666793823242
  ],
  "test_acc": [
    0.4399999976158142,
    0.4399999976158142,
    0.4399999976158142,
    0.4399999976158142,
    0.4399999976158142,
    0.800000011920929,
    0.800000011920929,
    0.800000011920929,
    0.800000011920929,
    0.800000011920929,
    0.800000011920929,
    0.800000011920929,
    0.800000011920929,
    0.800000011920929,
    0.800000011920929,
    0.9200000166893005,
    0.9200000166893005,
    0.9200000166893005,
    0.9200000166893005,
    0.9200000166893005,
    0.9599999785423279,
    0.9599999785423279,
    0.9599999785423279,
    0.9599999785423279,
    0.9599999785423279,
    1.0,
    1.0,
    1.0,
    1.0,
    1.0,
    1.0,
    1.0,
    1.0,
    1.0,
    1.0,
    1.0,
    1.0,
    1.0,
    1.0,
    0.9599999785423279
  ],
  "lambda_vals": [
    0.0,
    0.0,
    0.0,
    0.0,
    0.0,
    0.0,
    0.0,
    0.0,
    0.0,
    0.0,
    0.0,
    0.0,
    0.0,
    0.0,
    0.0,
    0.0,
    0.0,
    0.0,
    0.0,
    0.0,
    0.0,
    0.0,
    0.0,
    0.0,
    0.0,
    0.0,
    0.0,
    0.0,
    0.0,
    0.0,
    0.0,
    0.0,
    0.0,
    0.0,
    0.0,
    0.0,
    0.0,
    0.03525092922462136,
    0.06635976507857853,
    0.09381321636270833
  ]
}