{
  "K": 8,
  "alpha": 0.5,
  "n_qubits": 8,
  "n_layers": 2,
  "trajectory_size": 12,
  "m0": {
    "accuracy": 0.8266666666666667,
    "D_FS": 2.1348567032441625,
    "delta": 0.003610771472288641
  },
  "ideal": {
    "accuracy": 0.8266666666666667,
    "D_FS": 0.0,
    "delta": 0.0
  },
  "euclidean": {
    "accuracy": 0.8266666666666667,
    "D_FS": 0.014910235672110457,
    "delta": 6.971174355110694e-05
  },
  "gsq": {
    "accuracy": 0.8266666666666667,
    "D_FS": 0.014916275684362438,
    "delta": 6.97137595570124e-05
  },
  "improvement": {
    "acc_vs_euclid": 0.0,
    "D_FS_reduction": -0.0004050916417228346,
    "shock_reduction": -2.8918757213682337e-05
  }
}