{
  "k_values": [
    2,
    4,
    6,
    8,
    10,
    12,
    16
  ],
  "shock_m0": [
    0.26589336357763327,
    0.02954986017773765,
    0.13193177081006746,
    0.014959600362307778,
    0.022573775711100336,
    0.002605701084443103,
    0.0015921488573925593
  ],
  "shock_euclid": [
    0.003721574732030887,
    0.0002523474184267891,
    0.0002523474184267891,
    4.487608500700287e-05,
    4.487608500700287e-05,
    0.0,
    0.0
  ],
  "shock_gsq": [
    0.0011963338324242094,
    0.00025225075129743754,
    0.00025225075129743754,
    4.487602787566868e-05,
    4.487602787566868e-05,
    2.8682225315073213e-16,
    2.8682225315073213e-16
  ]
}