{
  "n_qubits": 8,
  "dataset": "two_moons",
  "seeds": [
    42,
    43,
    44,
    45,
    46
  ],
  "metrics": {
    "ideal_accuracy": {
      "mean": 0.8426666666666666,
      "std": 0.01554920505292082
    },
    "m0_accuracy": {
      "mean": 0.8320000000000001,
      "std": 0.019955506062794354
    },
    "euclidean_accuracy": {
      "mean": 0.8400000000000001,
      "std": 0.016865480854231375
    },
    "gsq_accuracy": {
      "mean": 0.8400000000000001,
      "std": 0.016865480854231375
    },
    "m0_dfs": {
      "mean": 0.7844655660422744,
      "std": 0.1538357243971075
    },
    "euclidean_dfs": {
      "mean": 0.008674132795756198,
      "std": 0.004419793289032122
    },
    "gsq_dfs": {
      "mean": 0.008674131587218893,
      "std": 0.004419797034567052
    },
    "m0_shock": {
      "mean": 0.009548531082119102,
      "std": 0.00550141857923981
    },
    "euclidean_shock": {
      "mean": 0.00014723527897357223,
      "std": 8.15170352354537e-05
    },
    "gsq_shock": {
      "mean": 0.00014723581236731107,
      "std": 8.151768101976594e-05
    }
  },
  "statistical_tests": {
    "dfs": {
      "p_value": 0.0005400316669905068,
      "cohen_d": 6.376297922629493
    },
    "shock": {
      "p_value": 0.026825804557830287,
      "cohen_d": 2.1613511064056143
    },
    "accuracy": {
      "p_value": 0.5577520985302258,
      "cohen_d": 0.3872983346207418
    }
  }
}