{
  "tau_values": [
    0.1,
    0.3,
    0.5,
    0.6,
    0.7,
    0.9
  ],
  "acc_m0": [
    0.8266666666666667,
    0.8266666666666667,
    0.8266666666666667,
    0.8266666666666667,
    0.8266666666666667,
    0.8266666666666667
  ],
  "shock_m0": [
    0.014959600362307778,
    0.014959600362307778,
    0.014959600362307778,
    0.014959600362307778,
    0.014959600362307778,
    0.014959600362307778
  ],
  "acc_test": [
    0.84,
    0.8266666666666667,
    0.8266666666666667,
    0.8266666666666667,
    0.8266666666666667,
    0.8266666666666667
  ],
  "shock": [
    0.0005913297847048043,
    4.767001263893718e-05,
    7.046991397748269e-05,
    7.552228601569568e-05,
    8.339765798319835e-05,
    6.97137595570124e-05
  ]
}