{
  "loss_task": [
    0.981372594833374,
    0.9564961194992065,
    0.9281936287879944,
    0.8963372111320496,
    0.8617653846740723,
    0.8262073993682861,
    0.7909997701644897,
    0.756670355796814,
    0.7235413789749146,
    0.6924537420272827,
    0.6639872193336487,
    0.6381185054779053,
    0.6146143674850464,
    0.5931587815284729,
    0.5731955170631409,
    0.5539215207099915,
    0.5344993472099304,
    0.5143498182296753,
    0.49339038133621216,
    0.4721391499042511,
    0.45162323117256165,
    0.43311139941215515,
    0.41777709126472473,
    0.40633103251457214,
    0.3986462652683258,
    0.39375290274620056,
    0.3905169665813446,
    0.38824012875556946,
    0.38666221499443054,
    0.3857547342777252,
    0.385556161403656,
    0.386055588722229,
    0.38711270689964294,
    0.38843613862991333,
    0.38964417576789856,
    0.3903903067111969,
    0.39048177003860474,
    0.3899231255054474,
    0.38884878158569336,
    0.3874918222427368
  ],
  "loss_geom": [
    0.5620307922363281,
    0.5694414973258972,
    0.5739181041717529,
    0.5789862871170044,
    0.5845999121665955,
    0.5886340141296387,
    0.5910058617591858,
    0.5904396772384644,
    0.5869356989860535,
    0.5817455053329468,
    0.57587730884552,
    0.5695637464523315,
    0.5624998211860657,
    0.5542210340499878,
    0.5442415475845337,
    0.532078742980957,
    0.5174998044967651,
    0.5007666349411011,
    0.48253029584884644,
    0.4635598659515381,
    0.44455498456954956,
    0.42611539363861084,
    0.4088388681411743,
    0.3934251666069031,
    0.3806408941745758,
    0.37105149030685425,
    0.3647097945213318,
    0.3612045645713806,
    0.3599269390106201,
    0.36025041341781616,
    0.36159974336624146,
    0.36346790194511414,
    0.36542338132858276,
    0.3671243190765381,
    0.36833563446998596,
    0.36893463134765625,
    0.36889708042144775,
    0.36827245354652405,
    0.3554651737213135,
    0.3378639817237854
  ],
  "loss_total": [
    0.981372594833374,
    0.9564961194992065,
    0.9281936287879944,
    0.8963372111320496,
    0.8617653846740723,
    0.8262073993682861,
    0.7909997701644897,
    0.756670355796814,
    0.7235413789749146,
    0.6924537420272827,
    0.6639872193336487,
    0.6381185054779053,
    0.6146143674850464,
    0.5931587815284729,
    0.5731955170631409,
    0.5539215207099915,
    0.5344993472099304,
    0.5143498182296753,
    0.49339038133621216,
    0.4721391499042511,
    0.45162323117256165,
    0.43311139941215515,
    0.41777709126472473,
    0.40633103251457214,
    0.3986462652683258,
    0.39375290274620056,
    0.3905169665813446,
    0.38824012875556946,
    0.38666221499443054,
    0.3857547342777252,
    0.385556161403656,
    0.386055588722229,
    0.38711270689964294,
    0.38843613862991333,
    0.38964417576789856,
    0.3903903067111969,
    0.39048177003860474,
    0.40290507674217224,
    0.412437379360199,
    0.4191879332065582
  ],
  "train_acc": [
    0.6711111068725586,
    0.6933333277702332,
    0.746666669845581,
    0.7511110901832581,
    0.742222249507904,
    0.746666669845581,
    0.7555555701255798,
    0.746666669845581,
    0.7511110901832581,
    0.7644444704055786,
    0.7733333110809326,
    0.7822222113609314,
    0.7822222113609314,
    0.7866666913032532,
    0.7955555319786072,
    0.7955555319786072,
    0.8088889122009277,
    0.8177777528762817,
    0.8399999737739563,
    0.8444444537162781,
    0.8533333539962769,
    0.8577777743339539,
    0.8666666746139526,
    0.8711110949516296,
    0.8755555748939514,
    0.8755555748939514,
    0.8755555748939514,
    0.8755555748939514,
    0.8755555748939514,
    0.8755555748939514,
    0.8711110949516296,
    0.8666666746139526,
    0.8666666746139526,
    0.8666666746139526,
    0.8622221946716309,
    0.8622221946716309,
    0.8577777743339539,
    0.8622221946716309,
    0.8622221946716309,
    0.8666666746139526
  ],
  "test_acc": [
    0.7066666483879089,
    0.7066666483879089,
    0.7066666483879089,
    0.7066666483879089,
    0.7066666483879089,
    0.7733333110809326,
    0.7733333110809326,
    0.7733333110809326,
    0.7733333110809326,
    0.7733333110809326,
    0.7866666913032532,
    0.7866666913032532,
    0.7866666913032532,
    0.7866666913032532,
    0.7866666913032532,
    0.8133333325386047,
    0.8133333325386047,
    0.8133333325386047,
    0.8133333325386047,
    0.8133333325386047,
    0.8266666531562805,
    0.8266666531562805,
    0.8266666531562805,
    0.8266666531562805,
    0.8266666531562805,
    0.8533333539962769,
    0.8533333539962769,
    0.8533333539962769,
    0.8533333539962769,
    0.8533333539962769,
    0.8399999737739563,
    0.8399999737739563,
    0.8399999737739563,
    0.8399999737739563,
    0.8399999737739563,
    0.8266666531562805,
    0.8266666531562805,
    0.8266666531562805,
    0.8266666531562805,
    0.8399999737739563
  ],
  "lambda_vals": [
    0.0,
    0.0,
    0.0,
    0.0,
    0.0,
    0.0,
    0.0,
    0.0,
    0.0,
    0.0,
    0.0,
    0.0,
    0.0,
    0.0,
    0.0,
    0.0,
    0.0,
    0.0,
    0.0,
    0.0,
    0.0,
    0.0,
    0.0,
    0.0,
    0.0,
    0.0,
    0.0,
    0.0,
    0.0,
    0.0,
    0.0,
    0.0,
    0.0,
    0.0,
    0.0,
    0.0,
    0.0,
    0.03525092922462136,
    0.06635976507857853,
    0.09381321636270833
  ]
}