{
  "k_values": [
    2,
    4,
    6,
    8,
    10,
    12,
    16
  ],
  "shock_m0": [
    0.4553454163119386,
    0.10900896707962034,
    0.31503562801361434,
    0.00745811719393012,
    0.08765946313734126,
    0.004571858689665907,
    0.007458117193930128
  ],
  "shock_euclid": [
    2.0189775581343726e-05,
    7.901480956327145e-05,
    6.511322771068006e-06,
    6.511322771068006e-06,
    3.3737768127007985e-23,
    3.3737768127007985e-23,
    3.3737768127007985e-23
  ],
  "shock_gsq": [
    2.065177826634195e-05,
    7.90048723945933e-05,
    6.511891839872141e-06,
    6.511891839872141e-06,
    1.2490514885218015e-23,
    1.2490514885218015e-23,
    1.2490514885218015e-23
  ]
}