{
  "n_qubits": 12,
  "dataset": "two_moons",
  "seeds": [
    42,
    43,
    44,
    45,
    46
  ],
  "metrics": {
    "ideal_accuracy": {
      "mean": 0.8640000000000001,
      "std": 0.05425863986500213
    },
    "m0_accuracy": {
      "mean": 0.8480000000000001,
      "std": 0.0466476151587624
    },
    "euclidean_accuracy": {
      "mean": 0.8640000000000001,
      "std": 0.05425863986500213
    },
    "gsq_accuracy": {
      "mean": 0.8640000000000001,
      "std": 0.05425863986500213
    },
    "m0_dfs": {
      "mean": 1.330111289765632,
      "std": 0.2658270114636929
    },
    "euclidean_dfs": {
      "mean": 0.013845711971441469,
      "std": 0.0046903033947025595
    },
    "gsq_dfs": {
      "mean": 0.013845712950499453,
      "std": 0.004690307751177649
    },
    "m0_shock": {
      "mean": 0.02332587822670009,
      "std": 0.010707422259175151
    },
    "euclidean_shock": {
      "mean": 8.357150045588733e-05,
      "std": 7.145942718236971e-05
    },
    "gsq_shock": {
      "mean": 8.357208195334581e-05,
      "std": 7.145984883811504e-05
    }
  },
  "statistical_tests": {
    "dfs": {
      "p_value": 0.0005821155863740486,
      "cohen_d": 6.262342478748511
    },
    "shock": {
      "p_value": 0.012238531164709661,
      "cohen_d": 2.7456464100546625
    },
    "accuracy": {
      "p_value": 0.6668417613992005,
      "cohen_d": 0.2828427124746193
    }
  }
}