{
  "tau_values": [
    0.1,
    0.3,
    0.5,
    0.6,
    0.7,
    0.9
  ],
  "acc_m0": [
    0.88,
    0.88,
    0.88,
    0.88,
    0.88,
    0.88
  ],
  "shock_m0": [
    0.00745811719393012,
    0.00745811719393012,
    0.00745811719393012,
    0.00745811719393012,
    0.00745811719393012,
    0.00745811719393012
  ],
  "acc_test": [
    0.88,
    0.88,
    0.88,
    0.88,
    0.88,
    0.88
  ],
  "shock": [
    0.00022272870245913952,
    0.00022594067721132423,
    5.6146383926446753e-05,
    6.451415974537853e-05,
    8.348974578481449e-05,
    0.0003875155199583425
  ]
}