{
  "loss_task": [
    1.0264627933502197,
    1.006943941116333,
    0.9957635402679443,
    0.9895239472389221,
    0.9851707816123962,
    0.9805985689163208,
    0.9744554758071899,
    0.9659173488616943,
    0.9546199440956116,
    0.9407456517219543,
    0.9249847531318665,
    0.9081528782844543,
    0.8905148506164551,
    0.8715139627456665,
    0.8502951264381409,
    0.8261786103248596,
    0.7987403273582458,
    0.7676652073860168,
    0.7327751517295837,
    0.6946254968643188,
    0.6550867557525635,
    0.6168856620788574,
    0.5820973515510559,
    0.5513319969177246,
    0.5246148705482483,
    0.5018506646156311,
    0.48289886116981506,
    0.46771880984306335,
    0.4563259780406952,
    0.4484981894493103,
    0.44347789883613586,
    0.44009163975715637,
    0.43729615211486816,
    0.4345462918281555,
    0.43180185556411743,
    0.42931437492370605,
    0.4273749887943268,
    0.4261309802532196,
    0.4254901707172394,
    0.425182044506073
  ],
  "loss_geom": [
    0.5782658457756042,
    0.5805119872093201,
    0.5793202519416809,
    0.5730656981468201,
    0.56427401304245,
    0.5551753640174866,
    0.5466417074203491,
    0.5386183857917786,
    0.530891478061676,
    0.5235206484794617,
    0.516814112663269,
    0.5113769173622131,
    0.5079492926597595,
    0.5065758228302002,
    0.5063114166259766,
    0.5058275461196899,
    0.5038458704948425,
    0.49924537539482117,
    0.4912412166595459,
    0.47970354557037354,
    0.46526381373405457,
    0.4491148889064789,
    0.4326620399951935,
    0.416866272687912,
    0.40211859345436096,
    0.3886509835720062,
    0.3766374886035919,
    0.36618685722351074,
    0.3572807312011719,
    0.3497501611709595,
    0.3433631956577301,
    0.3379228413105011,
    0.33324941992759705,
    0.3291594982147217,
    0.32551029324531555,
    0.32222649455070496,
    0.3192935287952423,
    0.31674420833587646,
    0.3018063008785248,
    0.28188031911849976
  ],
  "loss_total": [
    1.0264627933502197,
    1.006943941116333,
    0.9957635402679443,
    0.9895239472389221,
    0.9851707816123962,
    0.9805985689163208,
    0.9744554758071899,
    0.9659173488616943,
    0.9546199440956116,
    0.9407456517219543,
    0.9249847531318665,
    0.9081528782844543,
    0.8905148506164551,
    0.8715139627456665,
    0.8502951264381409,
    0.8261786103248596,
    0.7987403273582458,
    0.7676652073860168,
    0.7327751517295837,
    0.6946254968643188,
    0.6550867557525635,
    0.6168856620788574,
    0.5820973515510559,
    0.5513319969177246,
    0.5246148705482483,
    0.5018506646156311,
    0.48289886116981506,
    0.46771880984306335,
    0.4563259780406952,
    0.4484981894493103,
    0.44347789883613586,
    0.44009163975715637,
    0.43729615211486816,
    0.4345462918281555,
    0.43180185556411743,
    0.42931437492370605,
    0.4273749887943268,
    0.4372965097427368,
    0.44551795721054077,
    0.45162615180015564
  ],
  "train_acc": [
    0.1733333319425583,
    0.3333333432674408,
    0.5733333230018616,
    0.746666669845581,
    0.7200000286102295,
    0.6933333277702332,
    0.6800000071525574,
    0.6666666865348816,
    0.6800000071525574,
    0.6933333277702332,
    0.7200000286102295,
    0.7333333492279053,
    0.7333333492279053,
    0.7733333110809326,
    0.7866666913032532,
    0.800000011920929,
    0.8533333539962769,
    0.8666666746139526,
    0.8533333539962769,
    0.8399999737739563,
    0.8533333539962769,
    0.8533333539962769,
    0.8666666746139526,
    0.8666666746139526,
    0.8666666746139526,
    0.8666666746139526,
    0.8799999952316284,
    0.8666666746139526,
    0.8666666746139526,
    0.8533333539962769,
    0.8533333539962769,
    0.8533333539962769,
    0.8533333539962769,
    0.8533333539962769,
    0.8533333539962769,
    0.8533333539962769,
    0.8533333539962769,
    0.8533333539962769,
    0.8533333539962769,
    0.8533333539962769
  ],
  "test_acc": [
    0.3199999928474426,
    0.3199999928474426,
    0.3199999928474426,
    0.3199999928474426,
    0.3199999928474426,
    0.7599999904632568,
    0.7599999904632568,
    0.7599999904632568,
    0.7599999904632568,
    0.7599999904632568,
    0.8399999737739563,
    0.8399999737739563,
    0.8399999737739563,
    0.8399999737739563,
    0.8399999737739563,
    0.8799999952316284,
    0.8799999952316284,
    0.8799999952316284,
    0.8799999952316284,
    0.8799999952316284,
    0.8399999737739563,
    0.8399999737739563,
    0.8399999737739563,
    0.8399999737739563,
    0.8399999737739563,
    0.9200000166893005,
    0.9200000166893005,
    0.9200000166893005,
    0.9200000166893005,
    0.9200000166893005,
    0.8799999952316284,
    0.8799999952316284,
    0.8799999952316284,
    0.8799999952316284,
    0.8799999952316284,
    0.8799999952316284,
    0.8799999952316284,
    0.8799999952316284,
    0.8799999952316284,
    0.8799999952316284
  ],
  "lambda_vals": [
    0.0,
    0.0,
    0.0,
    0.0,
    0.0,
    0.0,
    0.0,
    0.0,
    0.0,
    0.0,
    0.0,
    0.0,
    0.0,
    0.0,
    0.0,
    0.0,
    0.0,
    0.0,
    0.0,
    0.0,
    0.0,
    0.0,
    0.0,
    0.0,
    0.0,
    0.0,
    0.0,
    0.0,
    0.0,
    0.0,
    0.0,
    0.0,
    0.0,
    0.0,
    0.0,
    0.0,
    0.0,
    0.03525092922462136,
    0.06635976507857853,
    0.09381321636270833
  ]
}