{
  "k_values": [
    2,
    4,
    6,
    8,
    10,
    12,
    16
  ],
  "shock_m0": [
    0.532519621198624,
    0.029725192434518093,
    0.08592113587041363,
    0.02621226427601513,
    0.026872845765689764,
    0.006584965434626198,
    0.0012391310573150998
  ],
  "shock_euclid": [
    0.00017214044782409737,
    0.00014715830734081002,
    3.268118859754975e-05,
    3.268118859754975e-05,
    3.268118859754975e-05,
    8.222050696085725e-29,
    8.222050696085725e-29
  ],
  "shock_gsq": [
    0.00016753767195669202,
    0.00014714947935273506,
    3.268118157311238e-05,
    3.268118157311238e-05,
    3.268118157311238e-05,
    6.642454814168658e-22,
    6.642454814168658e-22
  ]
}