{
  "n_qubits": 8,
  "dataset": "mnist",
  "seeds": [
    42,
    43,
    44,
    45,
    46
  ],
  "metrics": {
    "ideal_accuracy": {
      "mean": 0.9733333333333334,
      "std": 0.029211869733608845
    },
    "m0_accuracy": {
      "mean": 0.9653333333333334,
      "std": 0.04430199393556307
    },
    "euclidean_accuracy": {
      "mean": 0.9733333333333334,
      "std": 0.029211869733608845
    },
    "gsq_accuracy": {
      "mean": 0.9733333333333334,
      "std": 0.029211869733608845
    },
    "m0_dfs": {
      "mean": 0.8193718416520877,
      "std": 0.22800657642499875
    },
    "euclidean_dfs": {
      "mean": 0.006728325625548431,
      "std": 0.0022083605945329853
    },
    "gsq_dfs": {
      "mean": 0.00672832724089302,
      "std": 0.0022083593254257406
    },
    "m0_shock": {
      "mean": 0.021843589614731505,
      "std": 0.011144760954008454
    },
    "euclidean_shock": {
      "mean": 3.1784053992275555e-05,
      "std": 4.262349880371688e-05
    },
    "gsq_shock": {
      "mean": 3.1784303498471024e-05,
      "std": 4.26241550401581e-05
    }
  },
  "statistical_tests": {
    "dfs": {
      "p_value": 0.002046691706826427,
      "cohen_d": 4.508087344882075
    },
    "shock": {
      "p_value": 0.017330687120077612,
      "cohen_d": 2.4755840161345666
    },
    "accuracy": {
      "p_value": 0.771876723151824,
      "cohen_d": 0.19069251784911867
    }
  }
}