{
  "tau_values": [
    0.1,
    0.3,
    0.5,
    0.6,
    0.7,
    0.9
  ],
  "acc_m0": [
    0.9866666666666667,
    0.9866666666666667,
    0.9866666666666667,
    0.9866666666666667,
    0.9866666666666667,
    0.9866666666666667
  ],
  "shock_m0": [
    0.028400472005208333,
    0.028400472005208333,
    0.028400472005208333,
    0.028400472005208333,
    0.028400472005208333,
    0.028400472005208333
  ],
  "acc_test": [
    1.0,
    1.0,
    1.0,
    1.0,
    1.0,
    1.0
  ],
  "shock": [
    0.0015158589680989583,
    0.0013906351725260417,
    0.0016296895345052082,
    0.0013607279459635416,
    0.0011129252115885417,
    0.0014444478352864582
  ]
}