{
  "loss_task": [
    0.9749919772148132,
    0.9486677646636963,
    0.9145926833152771,
    0.8726539611816406,
    0.822638213634491,
    0.7647151947021484,
    0.6993968486785889,
    0.6285244822502136,
    0.5553575158119202,
    0.4832291901111603,
    0.414743572473526,
    0.35263779759407043,
    0.29943814873695374,
    0.2562926709651947,
    0.2225656807422638,
    0.19663883745670319,
    0.1767541617155075,
    0.16133134067058563,
    0.14907345175743103,
    0.13909873366355896,
    0.1309484988451004,
    0.1244683489203453,
    0.11966373026371002,
    0.1165631040930748,
    0.11508838087320328,
    0.1149582639336586,
    0.11568301916122437,
    0.11667899042367935,
    0.11744745075702667,
    0.11771059036254883,
    0.11743930727243423,
    0.11678971350193024,
    0.11600345373153687,
    0.11531304568052292,
    0.11486925184726715,
    0.114702969789505,
    0.11473377048969269,
    0.11482139676809311,
    0.11483150720596313,
    0.11468412727117538
  ],
  "loss_geom": [
    0.5620307922363281,
    0.5669845938682556,
    0.5698862075805664,
    0.5702763199806213,
    0.5720115900039673,
    0.5721409916877747,
    0.5680712461471558,
    0.5596756935119629,
    0.5475078821182251,
    0.532528281211853,
    0.5153923630714417,
    0.4962267577648163,
    0.4753958582878113,
    0.45342645049095154,
    0.4215184450149536,
    0.38600388169288635,
    0.3482304811477661,
    0.30934756994247437,
    0.27050939202308655,
    0.2324327528476715,
    0.19633862376213074,
    0.1637771874666214,
    0.13585472106933594,
    0.11311912536621094,
    0.09555096179246902,
    0.08268366754055023,
    0.07392555475234985,
    0.06854833662509918,
    0.06566241383552551,
    0.06440986692905426,
    0.06399887800216675,
    0.0637219250202179,
    0.06310328841209412,
    0.06190180405974388,
    0.06005922332406044,
    0.05769268050789833,
    0.0549999438226223,
    0.052199915051460266,
    0.049513623118400574,
    0.047070056200027466
  ],
  "loss_total": [
    0.9749919772148132,
    0.9486677646636963,
    0.9145926833152771,
    0.8726539611816406,
    0.822638213634491,
    0.7647151947021484,
    0.6993968486785889,
    0.6285244822502136,
    0.5553575158119202,
    0.4832291901111603,
    0.414743572473526,
    0.35263779759407043,
    0.29943814873695374,
    0.272276371717453,
    0.25053754448890686,
    0.23285110294818878,
    0.21785956621170044,
    0.20446106791496277,
    0.19189238548278809,
    0.17976084351539612,
    0.1681814044713974,
    0.15765030682086945,
    0.14874324202537537,
    0.14191854000091553,
    0.13735757768154144,
    0.1348789483308792,
    0.1340067833662033,
    0.13408982753753662,
    0.13448023796081543,
    0.13472574949264526,
    0.13461534678936005,
    0.1341281682252884,
    0.1333804875612259,
    0.1325383484363556,
    0.1317351758480072,
    0.13103432953357697,
    0.1304122656583786,
    0.12979331612586975,
    0.12910963594913483,
    0.12832194566726685
  ],
  "train_acc": [
    0.6266666650772095,
    0.6622222065925598,
    0.6888889074325562,
    0.7288888692855835,
    0.7599999904632568,
    0.7911111116409302,
    0.8355555534362793,
    0.8533333539962769,
    0.8888888955116272,
    0.9066666960716248,
    0.9466666579246521,
    0.9555555582046509,
    0.9733333587646484,
    0.9777777791023254,
    0.9822221994400024,
    0.9911110997200012,
    0.9911110997200012,
    0.9911110997200012,
    0.9911110997200012,
    0.9911110997200012,
    0.9911110997200012,
    0.9911110997200012,
    0.9911110997200012,
    0.9911110997200012,
    0.9911110997200012,
    0.9822221994400024,
    0.9822221994400024,
    0.9822221994400024,
    0.9822221994400024,
    0.9822221994400024,
    0.9822221994400024,
    0.9822221994400024,
    0.9822221994400024,
    0.9822221994400024,
    0.9866666793823242,
    0.9911110997200012,
    0.9911110997200012,
    0.9911110997200012,
    0.9911110997200012,
    0.9911110997200012
  ],
  "test_acc": [
    0.6933333277702332,
    0.6933333277702332,
    0.6933333277702332,
    0.6933333277702332,
    0.6933333277702332,
    0.8533333539962769,
    0.8533333539962769,
    0.8533333539962769,
    0.8533333539962769,
    0.8533333539962769,
    0.9466666579246521,
    0.9466666579246521,
    0.9466666579246521,
    0.9466666579246521,
    0.9466666579246521,
    1.0,
    1.0,
    1.0,
    1.0,
    1.0,
    1.0,
    1.0,
    1.0,
    1.0,
    1.0,
    1.0,
    1.0,
    1.0,
    1.0,
    1.0,
    1.0,
    1.0,
    1.0,
    1.0,
    1.0,
    1.0,
    1.0,
    1.0,
    1.0,
    1.0
  ],
  "lambda_vals": [
    0.0,
    0.0,
    0.0,
    0.0,
    0.0,
    0.0,
    0.0,
    0.0,
    0.0,
    0.0,
    0.0,
    0.0,
    0.0,
    0.03525092922462136,
    0.06635976507857853,
    0.09381321636270833,
    0.11804080208620997,
    0.13942157144430292,
    0.15829003417769558,
    0.17494139409644746,
    0.1896361676485673,
    0.20260425979249508,
    0.21404856094194294,
    0.22414812125857606,
    0.23306095195547105,
    0.24092649743874178,
    0.24786781696486643,
    0.2539935099465215,
    0.2593994150290162,
    0.2641701095199841,
    0.2683802326314407,
    0.27209565323680096,
    0.27537450041283035,
    0.27826807288972455,
    0.28082164163798773,
    0.2830751581488668,
    0.2850638794896408,
    0.28681891991297775,
    0.2883677376504834,
    0.2897345645065002
  ]
}