{
  "K": 8,
  "alpha": 0.5,
  "n_qubits": 4,
  "n_layers": 2,
  "trajectory_size": 11,
  "ideal": {
    "accuracy": 0.92,
    "D_FS": 0.0,
    "delta": 0.0
  },
  "euclidean": {
    "accuracy": 0.92,
    "D_FS": 3.6695017277547115e-08,
    "delta": 0.0
  },
  "gsq": {
    "accuracy": 0.92,
    "D_FS": 3.669501789483112e-08,
    "delta": 4.715220830686311e-16
  },
  "improvement": {
    "acc_vs_euclid": 0.0,
    "D_FS_reduction": -1.6375745473962482e-08,
    "shock_reduction": -4.7152208306863107e-07
  }
}