{
  "qubit_counts": [
    4,
    8,
    12,
    16
  ],
  "mode": "smoke",
  "epochs": 40,
  "two_moons": {
    "m0": {
      "accuracy": {
        "mean": [
          0.808,
          0.8320000000000001,
          0.8480000000000001,
          0.8640000000000001
        ],
        "std": [
          0.03537733109712428,
          0.019955506062794354,
          0.0466476151587624,
          0.03200000000000003
        ]
      },
      "D_FS": {
        "mean": [
          0.36174655001683387,
          0.7844655660422744,
          1.330111289765632,
          1.4171167575778167
        ],
        "std": [
          0.18124751117696267,
          0.1538357243971075,
          0.2658270114636929,
          0.24462999258175053
        ]
      },
      "delta": {
        "mean": [
          0.010990048058839404,
          0.009548531082119102,
          0.02332587822670009,
          0.017540044410121785
        ],
        "std": [
          0.00538268936890366,
          0.00550141857923981,
          0.010707422259175151,
          0.01576349507475847
        ]
      }
    },
    "euclidean": {
      "accuracy": {
        "mean": [
          0.7946666666666667,
          0.8400000000000001,
          0.8640000000000001,
          0.8480000000000001
        ],
        "std": [
          0.03222145592958555,
          0.016865480854231375,
          0.05425863986500213,
          0.05306599664568641
        ]
      },
      "D_FS": {
        "mean": [
          0.004758075182693921,
          0.008674132795756198,
          0.013845711971441469,
          0.01536032203027582
        ],
        "std": [
          0.002251253404979032,
          0.004419793289032122,
          0.0046903033947025595,
          0.0023525069211709883
        ]
      },
      "delta": {
        "mean": [
          0.0004211353056927135,
          0.00014723527897357223,
          8.357150045588733e-05,
          0.0002782301848997248
        ],
        "std": [
          0.0007017481789961882,
          8.15170352354537e-05,
          7.145942718236971e-05,
          0.00018766992657557056
        ]
      }
    },
    "gsq": {
      "accuracy": {
        "mean": [
          0.7946666666666667,
          0.8400000000000001,
          0.8640000000000001,
          0.8480000000000001
        ],
        "std": [
          0.03222145592958555,
          0.016865480854231375,
          0.05425863986500213,
          0.05306599664568641
        ]
      },
      "D_FS": {
        "mean": [
          0.004758080024529488,
          0.008674131587218893,
          0.013845712950499453,
          0.015360320030738412
        ],
        "std": [
          0.0022512555787606837,
          0.004419797034567052,
          0.004690307751177649,
          0.0023525032213326962
        ]
      },
      "delta": {
        "mean": [
          0.0004211359300956284,
          0.00014723581236731107,
          8.357208195334581e-05,
          0.0002782301339792669
        ],
        "std": [
          0.0007017488477613443,
          8.151768101976594e-05,
          7.145984883811504e-05,
          0.00018766965421749784
        ]
      }
    }
  },
  "mnist": {
    "m0": {
      "accuracy": {
        "mean": [
          0.9946666666666667,
          0.9653333333333334,
          0.992,
          0.952
        ],
        "std": [
          0.010666666666666647,
          0.04430199393556307,
          0.016000000000000014,
          0.046647615158762396
        ]
      },
      "D_FS": {
        "mean": [
          0.38356688064395356,
          0.8193718416520877,
          1.2836980161258036,
          1.3855066959851479
        ],
        "std": [
          0.059727894238817344,
          0.22800657642499875,
          0.362858555544955,
          0.2262582488572537
        ]
      },
      "delta": {
        "mean": [
          0.024173844353901786,
          0.021843589614731505,
          0.026437642012922376,
          0.05460391942786279
        ],
        "std": [
          0.013225356284685793,
          0.011144760954008454,
          0.020943807095149723,
          0.0327368175473927
        ]
      }
    },
    "euclidean": {
      "accuracy": {
        "mean": [
          0.992,
          0.9733333333333334,
          0.976,
          0.968
        ],
        "std": [
          0.010666666666666647,
          0.029211869733608845,
          0.019595917942265444,
          0.0466476151587624
        ]
      },
      "D_FS": {
        "mean": [
          0.0040308757792419814,
          0.006728325625548431,
          0.010869406980925705,
          0.0163218090395019
        ],
        "std": [
          0.0008992780954214145,
          0.0022083605945329853,
          0.004694788270951607,
          0.0054660502267605
        ]
      },
      "delta": {
        "mean": [
          8.077652307972626e-05,
          3.1784053992275555e-05,
          0.00015412489070441236,
          0.00010886836739396605
        ],
        "std": [
          6.265750819149292e-05,
          4.262349880371688e-05,
          0.0001482528777528347,
          0.00014149632183363113
        ]
      }
    },
    "gsq": {
      "accuracy": {
        "mean": [
          0.992,
          0.9733333333333334,
          0.976,
          0.968
        ],
        "std": [
          0.010666666666666647,
          0.029211869733608845,
          0.019595917942265444,
          0.0466476151587624
        ]
      },
      "D_FS": {
        "mean": [
          0.0040308758952719,
          0.00672832724089302,
          0.010869408299059363,
          0.016321801204114743
        ],
        "std": [
          0.0008992796115205481,
          0.0022083593254257406,
          0.004694784995980827,
          0.005466041892999641
        ]
      },
      "delta": {
        "mean": [
          8.077759857492528e-05,
          3.1784303498471024e-05,
          0.0001541253966587729,
          0.0001088683613305898
        ],
        "std": [
          6.265849911466054e-05,
          4.26241550401581e-05,
          0.00014825270282356207,
          0.00014149564535746322
        ]
      }
    }
  }
}