{
  "loss_task": [
    1.1522168919101359,
    1.0912453113678102,
    1.0368870039754294,
    0.9900008838843356,
    0.950925499599334,
    0.9180324056962185,
    0.8887637284381977,
    0.86109606523744,
    0.8338021926573858,
    0.8061405182160597
  ],
  "loss_geom": [
    0.6345305442810059,
    0.6288599967956543,
    0.6221807599067688,
    0.6170710325241089,
    0.611503541469574,
    0.6040549278259277,
    0.5967188477516174,
    0.5908677577972412,
    0.5731571912765503,
    0.5504499077796936
  ],
  "loss_total": [
    1.1522168919101359,
    1.0912453113678102,
    1.0368870039754294,
    0.9900008838843356,
    0.950925499599334,
    0.9180324056962185,
    0.8887637284381977,
    0.9308425669812335,
    0.942493527381812,
    0.934428906468318
  ],
  "train_acc": [
    0.4324324429035187,
    0.4324324429035187,
    0.4324324429035187,
    0.5135135054588318,
    0.5135135054588318,
    0.5405405163764954,
    0.6486486196517944,
    0.8108108043670654,
    0.7837837934494019,
    0.837837815284729
  ],
  "test_acc": [
    0.4615384638309479,
    0.4615384638309479,
    0.4615384638309479,
    0.4615384638309479,
    0.4615384638309479,
    0.8461538553237915,
    0.8461538553237915,
    0.8461538553237915,
    0.8461538553237915,
    0.9230769276618958
  ],
  "lambda_vals": [
    0.0,
    0.0,
    0.0,
    0.0,
    0.0,
    0.0,
    0.0,
    0.11804080208620997,
    0.1896361676485673,
    0.23306095195547105
  ]
}