{
  "k_values": [
    2,
    4,
    6,
    8,
    10,
    12,
    16
  ],
  "shock_m0": [
    0.8416418762632883,
    0.05302602079774665,
    0.3932985716910403,
    0.1102151653269075,
    0.16978935432826664,
    0.0032361057503662947,
    0.0006564380509178565
  ],
  "shock_euclid": [
    0.0002542047460777053,
    9.473922863542708e-06,
    9.319292175237275e-06,
    9.319292175237275e-06,
    1.5787051107916543e-19,
    1.5787051107916543e-19,
    1.5787051107916543e-19
  ],
  "shock_gsq": [
    0.00025310279034180194,
    9.473329015109064e-06,
    9.319373383253395e-06,
    9.319373383253395e-06,
    5.593872893128094e-19,
    5.593872893128094e-19,
    5.593872893128094e-19
  ]
}