{
  "n_qubits": 16,
  "dataset": "mnist",
  "seeds": [
    42,
    43,
    44,
    45,
    46
  ],
  "metrics": {
    "ideal_accuracy": {
      "mean": 0.976,
      "std": 0.03199999999999999
    },
    "m0_accuracy": {
      "mean": 0.952,
      "std": 0.046647615158762396
    },
    "euclidean_accuracy": {
      "mean": 0.968,
      "std": 0.0466476151587624
    },
    "gsq_accuracy": {
      "mean": 0.968,
      "std": 0.0466476151587624
    },
    "m0_dfs": {
      "mean": 1.3855066959851479,
      "std": 0.2262582488572537
    },
    "euclidean_dfs": {
      "mean": 0.0163218090395019,
      "std": 0.0054660502267605
    },
    "gsq_dfs": {
      "mean": 0.016321801204114743,
      "std": 0.005466041892999641
    },
    "m0_shock": {
      "mean": 0.05460391942786279,
      "std": 0.0327368175473927
    },
    "euclidean_shock": {
      "mean": 0.00010886836739396605,
      "std": 0.00014149632183363113
    },
    "gsq_shock": {
      "mean": 0.0001088683613305898,
      "std": 0.00014149564535746322
    }
  },
  "statistical_tests": {
    "dfs": {
      "p_value": 0.00026587523704773967,
      "cohen_d": 7.652282111655499
    },
    "shock": {
      "p_value": 0.029124347851776866,
      "cohen_d": 2.1056032421931903
    },
    "accuracy": {
      "p_value": 0.6406295692605108,
      "cohen_d": 0.3067859955389485
    }
  }
}