{
  "tau_values": [
    0.1,
    0.3,
    0.5,
    0.6,
    0.7,
    0.9
  ],
  "acc_m0": [
    1.0,
    1.0,
    1.0,
    1.0,
    1.0,
    1.0
  ],
  "shock_m0": [
    0.1102151653269075,
    0.1102151653269075,
    0.1102151653269075,
    0.1102151653269075,
    0.1102151653269075,
    0.1102151653269075
  ],
  "acc_test": [
    0.88,
    0.88,
    0.88,
    0.88,
    0.88,
    0.92
  ],
  "shock": [
    0.00019280195381880322,
    5.292725631715715e-05,
    4.485689713573183e-05,
    4.6432094282872205e-05,
    4.380718567672061e-05,
    1.5993910272632683e-15
  ]
}