{
  "loss_task": [
    0.999976396560669,
    0.9992587566375732,
    0.9978770017623901,
    0.9943828582763672,
    0.9880756735801697,
    0.9778103828430176,
    0.9623692035675049,
    0.9413560032844543,
    0.9154080152511597,
    0.8852677345275879,
    0.8512731194496155,
    0.8138525485992432,
    0.7744700312614441,
    0.7353145480155945,
    0.6989514231681824,
    0.6673964858055115,
    0.6416147351264954,
    0.6209812164306641,
    0.6041051149368286,
    0.5900186896324158,
    0.5781959295272827,
    0.5681129693984985,
    0.5594930648803711,
    0.5524133443832397,
    0.5470693707466125,
    0.5436336994171143,
    0.5421603322029114,
    0.5423862338066101,
    0.5436522364616394,
    0.5450937151908875,
    0.5459880828857422,
    0.5460363626480103,
    0.5453295707702637,
    0.544147789478302,
    0.5427945852279663,
    0.5414826273918152,
    0.5402843952178955,
    0.5391250252723694,
    0.5378798246383667,
    0.536561906337738
  ],
  "loss_geom": [
    0.5764474272727966,
    0.572864830493927,
    0.5670064687728882,
    0.5587776899337769,
    0.5487381219863892,
    0.5360440611839294,
    0.5205093622207642,
    0.5039004683494568,
    0.4878094792366028,
    0.4718773365020752,
    0.45590758323669434,
    0.440740168094635,
    0.4270780682563782,
    0.4140915870666504,
    0.4013727605342865,
    0.38871878385543823,
    0.3758106529712677,
    0.3623765707015991,
    0.3486681878566742,
    0.33544644713401794,
    0.3234841525554657,
    0.31311553716659546,
    0.3043327033519745,
    0.29706713557243347,
    0.2912815809249878,
    0.28695744276046753,
    0.2840033173561096,
    0.28216350078582764,
    0.28104591369628906,
    0.28022491931915283,
    0.2793523967266083,
    0.27823472023010254,
    0.2768155336380005,
    0.27515071630477905,
    0.2733834385871887,
    0.27166813611984253,
    0.2701050639152527,
    0.26871639490127563,
    0.25480231642723083,
    0.2363438606262207
  ],
  "loss_total": [
    0.999976396560669,
    0.9992587566375732,
    0.9978770017623901,
    0.9943828582763672,
    0.9880756735801697,
    0.9778103828430176,
    0.9623692035675049,
    0.9413560032844543,
    0.9154080152511597,
    0.8852677345275879,
    0.8512731194496155,
    0.8138525485992432,
    0.7744700312614441,
    0.7353145480155945,
    0.6989514231681824,
    0.6673964858055115,
    0.6416147351264954,
    0.6209812164306641,
    0.6041051149368286,
    0.5900186896324158,
    0.5781959295272827,
    0.5681129693984985,
    0.5594930648803711,
    0.5524133443832397,
    0.5470693707466125,
    0.5436336994171143,
    0.5421603322029114,
    0.5423862338066101,
    0.5436522364616394,
    0.5450937151908875,
    0.5459880828857422,
    0.5460363626480103,
    0.5453295707702637,
    0.544147789478302,
    0.5427945852279663,
    0.5414826273918152,
    0.5402843952178955,
    0.548597514629364,
    0.5547884702682495,
    0.5587340593338013
  ],
  "train_acc": [
    0.41333332657814026,
    0.6399999856948853,
    0.6000000238418579,
    0.653333306312561,
    0.7066666483879089,
    0.7599999904632568,
    0.7866666913032532,
    0.7866666913032532,
    0.7866666913032532,
    0.7866666913032532,
    0.8399999737739563,
    0.8533333539962769,
    0.8399999737739563,
    0.8666666746139526,
    0.8399999737739563,
    0.8399999737739563,
    0.8266666531562805,
    0.8266666531562805,
    0.8266666531562805,
    0.8266666531562805,
    0.8266666531562805,
    0.8266666531562805,
    0.8266666531562805,
    0.8133333325386047,
    0.800000011920929,
    0.8266666531562805,
    0.8266666531562805,
    0.8399999737739563,
    0.8666666746139526,
    0.8666666746139526,
    0.8666666746139526,
    0.8533333539962769,
    0.8533333539962769,
    0.8533333539962769,
    0.8533333539962769,
    0.8533333539962769,
    0.8266666531562805,
    0.8266666531562805,
    0.8266666531562805,
    0.8266666531562805
  ],
  "test_acc": [
    0.7200000286102295,
    0.7200000286102295,
    0.7200000286102295,
    0.7200000286102295,
    0.7200000286102295,
    0.8399999737739563,
    0.8399999737739563,
    0.8399999737739563,
    0.8399999737739563,
    0.8399999737739563,
    0.8799999952316284,
    0.8799999952316284,
    0.8799999952316284,
    0.8799999952316284,
    0.8799999952316284,
    0.9200000166893005,
    0.9200000166893005,
    0.9200000166893005,
    0.9200000166893005,
    0.9200000166893005,
    0.8399999737739563,
    0.8399999737739563,
    0.8399999737739563,
    0.8399999737739563,
    0.8399999737739563,
    0.9200000166893005,
    0.9200000166893005,
    0.9200000166893005,
    0.9200000166893005,
    0.9200000166893005,
    0.9200000166893005,
    0.9200000166893005,
    0.9200000166893005,
    0.9200000166893005,
    0.9200000166893005,
    0.8799999952316284,
    0.8799999952316284,
    0.8799999952316284,
    0.8799999952316284,
    0.9200000166893005
  ],
  "lambda_vals": [
    0.0,
    0.0,
    0.0,
    0.0,
    0.0,
    0.0,
    0.0,
    0.0,
    0.0,
    0.0,
    0.0,
    0.0,
    0.0,
    0.0,
    0.0,
    0.0,
    0.0,
    0.0,
    0.0,
    0.0,
    0.0,
    0.0,
    0.0,
    0.0,
    0.0,
    0.0,
    0.0,
    0.0,
    0.0,
    0.0,
    0.0,
    0.0,
    0.0,
    0.0,
    0.0,
    0.0,
    0.0,
    0.03525092922462136,
    0.06635976507857853,
    0.09381321636270833
  ]
}