{
  "k_values": [
    2,
    4,
    6,
    8,
    10,
    12,
    16
  ],
  "shock_m0": [
    0.5721952536111673,
    0.043448537311124254,
    0.07008078072217123,
    0.04096015690395844,
    0.02523680016249664,
    0.002740018998377702,
    0.002033955690227567
  ],
  "shock_euclid": [
    0.0040854488837228494,
    0.00015801157923771988,
    6.383798573209837e-05,
    6.383798573209837e-05,
    3.862131515144537e-33,
    3.862131515144537e-33,
    3.862131515144537e-33
  ],
  "shock_gsq": [
    0.004048886214095226,
    0.0001579966180863761,
    6.383797942839638e-05,
    6.383797942839638e-05,
    1.7916798702145032e-17,
    1.7916798702145032e-17,
    1.7916798702145032e-17
  ]
}