{
  "n_qubits": 4,
  "dataset": "mnist",
  "seeds": [
    42,
    43,
    44,
    45,
    46
  ],
  "metrics": {
    "ideal_accuracy": {
      "mean": 0.992,
      "std": 0.010666666666666647
    },
    "m0_accuracy": {
      "mean": 0.9946666666666667,
      "std": 0.010666666666666647
    },
    "euclidean_accuracy": {
      "mean": 0.992,
      "std": 0.010666666666666647
    },
    "gsq_accuracy": {
      "mean": 0.992,
      "std": 0.010666666666666647
    },
    "m0_dfs": {
      "mean": 0.38356688064395356,
      "std": 0.059727894238817344
    },
    "euclidean_dfs": {
      "mean": 0.0040308757792419814,
      "std": 0.0008992780954214145
    },
    "gsq_dfs": {
      "mean": 0.0040308758952719,
      "std": 0.0008992796115205481
    },
    "m0_shock": {
      "mean": 0.024173844353901786,
      "std": 0.013225356284685793
    },
    "euclidean_shock": {
      "mean": 8.077652307972626e-05,
      "std": 6.265750819149292e-05
    },
    "gsq_shock": {
      "mean": 8.077759857492528e-05,
      "std": 6.265849911466054e-05
    }
  },
  "statistical_tests": {
    "dfs": {
      "p_value": 0.00022031219813325586,
      "cohen_d": 8.036862709746245
    },
    "shock": {
      "p_value": 0.021896563771679086,
      "cohen_d": 2.3043042488568886
    },
    "accuracy": {
      "p_value": 0.7328098736023376,
      "cohen_d": -0.22360679774998268
    }
  }
}