{
  "tau_values": [
    0.1,
    0.3,
    0.5,
    0.6,
    0.7,
    0.9
  ],
  "acc_m0": [
    1.0,
    1.0,
    1.0,
    1.0,
    1.0,
    1.0
  ],
  "shock_m0": [
    0.04096015690395844,
    0.04096015690395844,
    0.04096015690395844,
    0.04096015690395844,
    0.04096015690395844,
    0.04096015690395844
  ],
  "acc_test": [
    1.0,
    1.0,
    1.0,
    1.0,
    1.0,
    1.0
  ],
  "shock": [
    0.00024606902594185074,
    0.00022992341621570702,
    0.00021014861940788637,
    0.00019486066737955327,
    1.3060541562725964e-15,
    1.293273863343349e-15
  ]
}