{
  "loss_task": [
    0.9269400835037231,
    0.8506026268005371,
    0.7823309898376465,
    0.7225260138511658,
    0.6700767874717712,
    0.6227656602859497,
    0.5795223116874695,
    0.5403661727905273,
    0.5048742890357971,
    0.47271260619163513,
    0.4438924193382263,
    0.4183169901371002,
    0.3956873118877411,
    0.37562358379364014,
    0.35777735710144043,
    0.34184935688972473,
    0.3275474011898041,
    0.3145715892314911,
    0.3026588261127472,
    0.2916341722011566,
    0.2814176082611084,
    0.27199169993400574,
    0.2633582651615143,
    0.25549817085266113,
    0.24834144115447998,
    0.2417556643486023,
    0.23555776476860046,
    0.22954554855823517,
    0.2235383838415146,
    0.21741193532943726,
    0.2111169844865799,
    0.2046791911125183,
    0.19818352162837982,
    0.19174960255622864,
    0.18550492823123932,
    0.17956116795539856,
    0.1739971935749054,
    0.16885071992874146,
    0.16411061584949493,
    0.15972714126110077
  ],
  "loss_geom": [
    0.6345305442810059,
    0.6169174909591675,
    0.5979411005973816,
    0.5775648951530457,
    0.5571629405021667,
    0.5384350419044495,
    0.5216159820556641,
    0.5056836009025574,
    0.4895700216293335,
    0.47370949387550354,
    0.4590640366077423,
    0.446285605430603,
    0.435691773891449,
    0.42736637592315674,
    0.42121046781539917,
    0.41695648431777954,
    0.4141896665096283,
    0.41240566968917847,
    0.41109079122543335,
    0.40978527069091797,
    0.4081209599971771,
    0.40585049986839294,
    0.40286844968795776,
    0.3992113471031189,
    0.39503252506256104,
    0.39056217670440674,
    0.3860635459423065,
    0.3817955255508423,
    0.37798449397087097,
    0.37480419874191284,
    0.37236306071281433,
    0.3706972599029541,
    0.36977076530456543,
    0.36948254704475403,
    0.3696809411048889,
    0.37018242478370667,
    0.3707936108112335,
    0.37133219838142395,
    0.3543686866760254,
    0.3285132646560669
  ],
  "loss_total": [
    0.9269400835037231,
    0.8506026268005371,
    0.7823309898376465,
    0.7225260138511658,
    0.6700767874717712,
    0.6227656602859497,
    0.5795223116874695,
    0.5403661727905273,
    0.5048742890357971,
    0.47271260619163513,
    0.4438924193382263,
    0.4183169901371002,
    0.3956873118877411,
    0.37562358379364014,
    0.35777735710144043,
    0.34184935688972473,
    0.3275474011898041,
    0.3145715892314911,
    0.3026588261127472,
    0.2916341722011566,
    0.2814176082611084,
    0.27199169993400574,
    0.2633582651615143,
    0.25549817085266113,
    0.24834144115447998,
    0.2417556643486023,
    0.23555776476860046,
    0.22954554855823517,
    0.2235383838415146,
    0.21741193532943726,
    0.2111169844865799,
    0.2046791911125183,
    0.19818352162837982,
    0.19174960255622864,
    0.18550492823123932,
    0.17956116795539856,
    0.1739971935749054,
    0.18194052577018738,
    0.1876264363527298,
    0.19054603576660156
  ],
  "train_acc": [
    0.46222221851348877,
    0.46222221851348877,
    0.5555555820465088,
    0.6755555272102356,
    0.8088889122009277,
    0.9288889169692993,
    0.9733333587646484,
    0.995555579662323,
    0.9911110997200012,
    0.9911110997200012,
    0.9911110997200012,
    0.9822221994400024,
    0.9822221994400024,
    0.9733333587646484,
    0.9733333587646484,
    0.9733333587646484,
    0.9688888788223267,
    0.9644444584846497,
    0.9644444584846497,
    0.9688888788223267,
    0.9688888788223267,
    0.9688888788223267,
    0.9733333587646484,
    0.9733333587646484,
    0.9777777791023254,
    0.9822221994400024,
    0.9822221994400024,
    0.9822221994400024,
    0.9866666793823242,
    0.9911110997200012,
    0.9911110997200012,
    0.9911110997200012,
    0.9911110997200012,
    0.9911110997200012,
    0.9911110997200012,
    0.9911110997200012,
    0.9866666793823242,
    0.9866666793823242,
    0.9866666793823242,
    0.9866666793823242
  ],
  "test_acc": [
    0.46666666865348816,
    0.46666666865348816,
    0.46666666865348816,
    0.46666666865348816,
    0.46666666865348816,
    0.9200000166893005,
    0.9200000166893005,
    0.9200000166893005,
    0.9200000166893005,
    0.9200000166893005,
    1.0,
    1.0,
    1.0,
    1.0,
    1.0,
    0.9733333587646484,
    0.9733333587646484,
    0.9733333587646484,
    0.9733333587646484,
    0.9733333587646484,
    0.9733333587646484,
    0.9733333587646484,
    0.9733333587646484,
    0.9733333587646484,
    0.9733333587646484,
    1.0,
    1.0,
    1.0,
    1.0,
    1.0,
    1.0,
    1.0,
    1.0,
    1.0,
    1.0,
    1.0,
    1.0,
    1.0,
    1.0,
    1.0
  ],
  "lambda_vals": [
    0.0,
    0.0,
    0.0,
    0.0,
    0.0,
    0.0,
    0.0,
    0.0,
    0.0,
    0.0,
    0.0,
    0.0,
    0.0,
    0.0,
    0.0,
    0.0,
    0.0,
    0.0,
    0.0,
    0.0,
    0.0,
    0.0,
    0.0,
    0.0,
    0.0,
    0.0,
    0.0,
    0.0,
    0.0,
    0.0,
    0.0,
    0.0,
    0.0,
    0.0,
    0.0,
    0.0,
    0.0,
    0.03525092922462136,
    0.06635976507857853,
    0.09381321636270833
  ]
}